operation,gene,options,mutation,barcodes,mfe,wt,altered,prodonor_seq,synthesis_set,nickname,mut_class,drug_resistance_expected,drug_sensitivity_expected,previous_name,previous_category,rpoB allele type,allele_type_notes,color_cat
translational_knockout,wecA,"ko_mutations=2,ko_frame=20",[AATTTACT->tAaTgAta].3967918,,-14.69999981,0,2,TATACTTCTGCTAATAATTTTCTCTGAGAGCATGCATTGTGTAATGATAGACAGTGAGTACTGATCTCATCAGTATTTTTTTATTCACGA,7ko,wecA_ko,Deleterious,,,,Deleterious,,,1
translational_knockout,typA,"ko_mutations=2,ko_frame=20",[GAAAAATT->tAAtgATa].4058412,,-16.5,0,3,AATAACGCGCTATTTCTAATGCCTGAGGCAAAGTTGTGATCTAATGATAGCGTAATATCGCCATCATCGCGCACGTAGACCATGGTAAAA,7ko,typA_ko,Deleterious,,,,Deleterious,,,1
translational_knockout,yciW,"ko_mutations=2,ko_frame=20",[ATACCAGTG->tTAtCAcTa].1350068,,-20.10000038,0,11,CTTTACGACCAAGGAGCGCCCATGGAACAACGCCACATCACCGGCAAAAGCTAGTGATAACATGAAACGCAATCCAGTACTACGGAGTAT,7ko,yciW_ko,Deleterious,,,,Deleterious,,,1
translational_knockout,ptsP,"ko_mutations=2,ko_frame=20",[ACCTTTTC->caCTaTTa].2968399,,-24,0,10,CGCCAATTATGCTCACTCGCCTGCGCGAAATAGTCTAATAGTGAGCCAGCGCACCACGCCTGAATGAGGCGTTAAATATTCTGGTTACCG,7ko,ptsP_ko,Deleterious,,,,Deleterious,,,1
translational_knockout,evgA,"ko_mutations=2,ko_frame=0",[AATTTATT->tAaTgATa].2483805,,-16.60000038,0,18,CTTCAGTCAACTCTGCTAAGATTTCAATATCGTTTTTGATCTATCATTAACGAATTGCTGCGATAGCAAGAGGATGGTCATCAATAATTA,7ko,evgA_ko,Deleterious,,,,Unknown,,,1
translational_knockout,ackA,"ko_mutations=2,ko_frame=20",[AGTAAGTT->tGatAGTa].2413475,,-13.39999962,0,3,CAAATTTCAGTGAAGAACTACCGCAGTTCAGAACCAGTACTTACTATCACGACATGGAAGTACCTATAATTGATACGTGGCTAAAAAAAC,7ko,ackA_ko,Deleterious,,,,Deleterious,,,1
translational_knockout,yobF,"ko_mutations=2,ko_frame=0",[GCGGTATTC->tCacTATTa].1907534,,-15.10000038,0,17,CATTTTCAGTAAAGAAGTCCTGAGTAAACACGTTGACGTTTAATAGTGATTCTCTGCCGAGCCTTATATTGGTGCCTCATGCAGTAATGT,7ko,yobF_ko,Deleterious,,,,Deleterious,,,1
translational_knockout,dapA,"ko_mutations=2,ko_frame=20",[CCGTGA->aCtatt].2599750,,-11.19999981,0,2,CGTACCATTGAGACACTTGTTTGCACAGAGGATGGCCCATGTAATAGTGAAGTATTGTCGCGATTGTTACTCCGATGGATGAAAAAGGTA,moreKO,dapA_ko,Lethal,,,,Lethal,,,2
translational_knockout,dapD,"ko_mutations=2,ko_frame=20",[AACTGCTG->cAtTaCTa].185936,,-11,0,2,TCTCGGCACGGCGTTCAAAAGCGGTTTCAATAATGTTCTGTCATTACTACATTGTTAAACTCTTTTCATATCAGTAAACACATCACCCTT,moreKO,dapD_ko,Lethal,,,,Lethal,,,2
translational_knockout,dnaJ,"ko_mutations=2,ko_frame=20",[TTACG->aTgat].14184,,-14.80000019,0,6,CCGCCCGTGCATTCATCTAGGGGCAATTTAAAAAAGATGGCTAAGCAAGATTAATGATAGATTTTAGGCGTTTCCAAAACAGCGGAAGAG,moreKO,dnaJ_ko,Neutral,,,,Neutral,,,3
translational_knockout,endA,"ko_mutations=2,ko_frame=20",[CCGTTAT->gtGaTAa].3090351,,-22.60000038,0,2,CAACGCCGGGCCGGAAAATGCTGCGCTCAGTACCACCGCAGCAATAGACAATTATCACTACATCACTTACTCCGTGTTAAAACGAGCCAG,moreKO,endA_ko,Deleterious,,,,Unknown,,,1
translational_knockout,recJ,"ko_mutations=2,ko_frame=20",[GTTGTTT->aTcaTTa].3038096,,-15.80000019,0,2,GACGAACACCAAAAAATGACCAGCGGTAAATAATTCGCGTGTAATGATAGATACAACTTCGTCGCCGTGAAGTCGATGAAACGGCAGACT,moreKO,recJ_ko,Neutral,,,,Neutral,,,3
translational_knockout,sbcB,"ko_mutations=2,ko_frame=20",[GGTAAGC->tGatAGt].2082767,,-7.699999809,0,5,GCCAAAGGTTTCGTAATCGTGAAACAAAAAGGTAGATTGTTACTATCAGTCATTCATCATTAGGTTAAATCCGTTATTTCTGCTGTCTGC,moreKO,sbcB_ko,Neutral,,,,Neutral,,,3
translational_knockout,dnaA,"ko_mutations=2,ko_frame=20",[CTGCTGC->tTaCTat].3883705,,-11.80000019,0,6,ACTTTTGTTCGAGTGGAGTCCGCCGTGTCACTTTCGCTTTGATAGTAATGTCTTGCCCGATTGCAGGATGAGTTACCAGCCACAGAATTC,moreKO,dnaA_ko,Lethal,,,,Unknown,,,2
translational_knockout,galE,"ko_mutations=2,ko_frame=20",[GCACA->aCtat].792000,,-13.69999981,0,17,AGGTTATCAAGAATGATGACATCATGACCGTTTTGCAGTAATTACTATCAGGTATGACTTCCAATGTAACCGCTACCACCGGTAACCAGA,moreKO,galE_ko,Neutral,,,,Neutral,,,3
translational_knockout,mutS,"ko_mutations=2,ko_frame=20",[ATAGAAAAT->tgAtAAtAg].2857101,,-20,0,4,GCCTGAGATACTGCTGCATCATGGGCGTATGGGCGTCGAACTATTATCATGCACTCATGGGGTTATGTCCGGTTCCCTGATATTAAATGG,moreKO,mutS_ko,Neutral,,,,Unknown,,,3
translational_knockout,mutL,"ko_mutations=2,ko_frame=20",[CAGGTCTT->tAGtaaTg].4397420,,-19.89999962,0,4,CAGATCGCACGCTGCCAAACTAAGGACGATTGATGCCAATTTAGTAATGACCGCCACAACTGGCGAACCAGATTGCCGCAGGTGAGGTGG,moreKO,mutL_ko,Neutral,,,,Neutral,,,3
translational_knockout,mcrA,"ko_mutations=2,ko_frame=20",[GAGTGTTCG->tAGTGaTaa].1210384,,-9.600000381,0,14,TTATGCATGTTTTTGATAATAATGGAATTGAACTGAAAGCTTAGTGATAAATAGGTGAAGAGGATGGTGTTTATGGTCTAATCCTTGAGT,moreKO,mcrA_ko,Unrelated Resistance Alleles,,,,Unknown,,,4
residue_mutation,marR,,[T->a].1619369,,-21.29999924,,,GCCGCGCTTGTCATTCGGGTTCGGCAACCTTTCCTCCCAGCCTTTACAGACCAGGCGATCCAGCATACGGGTCAGTGCTCCCAGGTCGAC,collateral_sensitivity,marR_mut_V84E,Unrelated Resistance Alleles,"AMP, CPR, CHL, ERY, TET",,,collateral_sensitivity,,,4
residue_mutation,gyrA,,[G->a].2339172,,-20.89999962,,,AAAAATCTGCCCGTGTCGTTGGTGACGTAATCGGTAAATACCATCCCCATGGTGACTTGGCGGTCTATGACACGATCGTCCGCATGGCGC,collateral_sensitivity,gyrA_mut_S83L,Unrelated Resistance Alleles,CPR,,,collateral_sensitivity,,,4
residue_mutation,gyrA,,[T->c].2339160,,-23.20000076,,,GTGTCGTTGGTGACGTAATCGGTAAATACCATCCCCATGGTGACTCGGCGGTCTATGGCACGATCGTCCGCATGGCGCAGCCATTCTCGC,collateral_sensitivity,gyrA_mut_D87G,Unrelated Resistance Alleles,CPR,DOX,,collateral_sensitivity,,,4
residue_mutation,envZ,,[C->t].3534682,,-23.60000038,,,CACCTGTTCCAGCCGTTTGTCCGCGGCGACAGTACGCGCACCATTAGCGGCACGGGATTAGGGCTGGCAATTGTGCAGCGTATCGTGGAT,collateral_sensitivity,envZ_mut_A396T,Unrelated Resistance Alleles,AMP,"STR, TOB",,collateral_sensitivity,,,4
residue_mutation,trkH,,[C->a].4034192,,-26.60000038,,,GTACTGCTTTTATGTTCAGCCTTTATCGGCGGTTGCGCCGGGTCAAAGGGCGGTGGCCTGAAGGTGATCCGCATCCTGCTGCTGTTTAAG,collateral_sensitivity,trkH_mut_T350K,Unrelated Resistance Alleles,"TOB, KAN","AMP, CPR, DOX",,collateral_sensitivity,,,4
residue_mutation,soxR,,[C->a].4277878,,-22.70000076,,,CGCAGTGATTGCCCGTTGCGTAACCCGGGCGAACGCTTAGGAGAAGAAGGTACCGGCGCACGCTTGCTGGAAGATGAACAAAACTAAAGC,collateral_sensitivity,soxR_mut_D137E,Unrelated Resistance Alleles,"AMP, CPR, CHL","TOB, KAN",,collateral_sensitivity,,,4
residue_mutation,ycbZ,,[T->g].1016987,,-18.70000076,,,CTTATCAGGGCGCAGAGTTCAGCCATCGAGGCACGATCTCCATCAACTTCACTGTATGACTGCTCAAATGTCAGCGATGCTGAGAAGGGG,collateral_sensitivity,ycbZ_mut_S438R,Unrelated Resistance Alleles,ERY,AMP,,collateral_sensitivity,,,4
residue_mutation,folA,,[C->t].49883,,-24.70000076,,,AGATCGCGTTATCGGCATGGAAAACGCCATGCTGTGGAACCTGCCTGCCGATCTCGCCTGGTTTAAACGCAACACCTTAAATAAACCCGT,collateral_sensitivity,folA_mut_P21L,Unrelated Resistance Alleles,TRM,,,collateral_sensitivity,,,4
residue_mutation,folA,,[G->c].49911,,-15.30000019,,,CATGGAAAACGCCATGCCGTGGAACCTGCCTGCCGATCTCGCCTGCTTTAAACGCAACACCTTAAATAAACCCGTGATTATGGGCCGCCA,collateral_sensitivity,folA_mut_W30C,Unrelated Resistance Alleles,TRM,,,collateral_sensitivity,,,4
residue_mutation,folA,,[T->g].49909,,-20.29999924,,,AACGCCATGCCGTGGAACCTGCCTGCCGATCTCGCCGGGTTTAAACGCAACACCTTAAATAAACCCGTGATTATGGGCCGCCATACCTGG,collateral_sensitivity,folA_mut_W30G,Unrelated Resistance Alleles,TRM,,,collateral_sensitivity,,,4
residue_mutation,folA,,[A->c].50101,,-26.79999924,,,GGATGAAGCCATCGCGGCGTGTGGTGACGTACCAGAAATCATGGTGCTTGGCGGCGGTCGCGTTTATGAACAGTTCTTGCCAAAAGCGCA,collateral_sensitivity,folA_mut_I94L,Unrelated Resistance Alleles,TRM,,,collateral_sensitivity,,,4
residue_mutation,folA,,[T->c].50279,,-25.70000076,,,GGTATTCAGCGAATTCCACGATGCTGATGCGCAGAACTCTCACAGCTATTGCTCTGAGATTCTGGAGCGGCGGTAATTTTGTATAGAATT,collateral_sensitivity,folA_mut_F153S,Unrelated Resistance Alleles,TRM,,,collateral_sensitivity,,,4
residue_mutation,folA,,[T->a].49902,,-14.69999981,,,GAAAACGCCATGCCGTGGAACCTGCCTGCCGAACTCGCCTGGTTTAAACGCAACACCTTAAATAAACCCGTGATTATGGGCCGCCATACC,collateral_sensitivity,folA_mut_D27E,Unrelated Resistance Alleles,TRM,,,collateral_sensitivity,,,4
residue_mutation,folA,,[A->g].49879,,-24.70000076,,,CGGTAGATCGCGTTATCGGCATGGAAAACGCCGTGCCGTGGAACCTGCCTGCCGATCTCGCCTGGTTTAAACGCAACACCTTAAATAAAC,collateral_sensitivity,folA_mut_M20V,Unrelated Resistance Alleles,TRM,,,collateral_sensitivity,,,4
residue_mutation,trkH,,[G->a].4033394,,-22.29999924,,,GGTGCTGTTCTGGACCGTGCTGGGTAGCGTCGATGCGCTCCCTTTTATCTTCTCGGAAAGCCCGAACCTCACGATTACCGATGCGTTTTT,collateral_sensitivity,trkH_mut_G84D,Unrelated Resistance Alleles,TRM,,,collateral_sensitivity,,,4
residue_mutation,trkH,,[T->g].4033571,,-29.39999962,,,ATCCTCTTTTATCGCCAGATGCTGCAATGGTTTGGCGGGATGGGGATCAGCGTGTTGGCGGTTGCGATACTGCCTATCCTCGGCGTGGGT,collateral_sensitivity,trkH_mut_I143S,Unrelated Resistance Alleles,,,,collateral_sensitivity,,,4
residue_mutation,trkH,,[T->a].4033382,,-25.60000038,,,GTTTCTGATAGTGGTGCTGTTCTGGACCGTGCAGGGTAGCGTCGGTGCGCTCCCTTTTATCTTCTCGGAAAGCCCGAACCTCACGATTAC,collateral_sensitivity,trkH_mut_L80Q,Unrelated Resistance Alleles,,,,collateral_sensitivity,,,4
residue_mutation,trkH,,[T->g].4033382,,-25.60000038,,,GTTTCTGATAGTGGTGCTGTTCTGGACCGTGCGGGGTAGCGTCGGTGCGCTCCCTTTTATCTTCTCGGAAAGCCCGAACCTCACGATTAC,collateral_sensitivity,trkH_mut_L80R,Unrelated Resistance Alleles,,,,collateral_sensitivity,,,4
translational_knockout,marR,"ko_mutations=2,ko_frame=20",[TCAATG->gatAgt].1619141,,-13.69999981,0,8,TCTGATTAACCATATGGATTAAGCGACCCAATGGAATAATTTACTATCACAGATCGCTGGTACTTTTCACATTAGTTGCCCTGGCAAGTA,collateral_sensitivity,marR_ko,Unrelated Resistance Alleles,,,,Unknown,,,4
translational_knockout,envZ,"ko_mutations=2,ko_frame=20",[GTGGCG->aTtaCt].3535843,,-19.70000076,0,7,TTTGTACCGGACGGCTCTAAAGCATGAGGCGATTGCGCTTCTAGTAATGAAGTTCATTTGCCCGTACGTTATTGCTCATCGTCACCTTGC,collateral_sensitivity,envZ_ko,Unrelated Resistance Alleles,,,,Unknown,,,4
translational_knockout,trkH,"ko_mutations=2,ko_frame=20",[TATTTTC->aATagTg].4033190,,-16.79999924,0,16,ATTTTCGCGCCATTACCCGAATCGTTGGACTACTGGTCATCTAATAGTGAGGGACCATGATTATCCCTGGGCTGGTAGCACTCATCTACC,collateral_sensitivity,trkH_ko,Lethal,,,,Lethal,,,2
translational_knockout,folA,"ko_mutations=2,ko_frame=20",[TAGCGGT->aAtaGtg].49844,,-19.10000038,0,8,GCGACAATTTTTTTTATCGGGAAATCTCAATGATCAGTCTGATTGCGGCGTAATAGTGAGATCGCGTTATCGGCATGGAAAACGCCATGC,collateral_sensitivity,folA_ko,Lethal,,,,Lethal,,,2
translational_knockout,pgi,"ko_mutations=2,ko_frame=20",[GCAGGC->atAGta].4233792,,-9.399999619,0,12,ATTGCTAATGAAAAACATCAATCCAACGCAGACCGCTGCCTGATAGTAACTACAGAAACACTTCGATGAAATGAAAGACGTTACGATCGC,collateral_sensitivity,pgi_ko,Deleterious,,,,Deleterious,,,1
translational_knockout,galK,"ko_mutations=2,ko_frame=20",[TCAGACT->aCtatCa].789969,,-14.69999981,0,2,GGTAGCCAAATGCGTTGGCAAACAGAGATTGTGTTTTTTCTTACTATCACATTTCTTACACTCCGGATTCGCGAAAATGGATATCGCTGA,collateral_sensitivity,galK_ko,Neutral,,,,Neutral,,,3
translational_knockout,fabA,,,,,,,AACAGTTCACCGCGACCAGAGGCAAGAAGGTCTTCTTTTGTCTATCATTAGCGTTTATCTACCATGTTCTCTGTAAGCCTTATTTTATTG,rpob_etc,fabA_KO,Lethal,,,,Lethal,,,2
translational_knockout,gyrA,,,,,,,CCGGGATACAGTAGAGGGATAGCGGTTAGATGAGCGACCTTTAGTGATAAATTACACCGGTCAACATTGAGGAAGAGCTGAAGAGCTCCT,rpob_etc,gyrA_KO,Lethal,,,,Lethal,,,2
translational_knockout,lacZ,,,,,,,GATGTGCTGCAAGGCGATTAAGTTGGGTAACGCCAGGGTTTTATCACTAACGACGTTGTAAAACGACGGCCAGTGAATCCGTAATCATGG,rpob_etc,lacZ_KO,Neutral,,,,Neutral,,,3
translational_knockout,lacZ,,,,,,,CAGGGTTTTCCCAGTCACGACGTTGTAAAACGACGGCCAGTCATTACTAAATCATGGTCATAGCTGTTTCCTGTGTGAAATTGTTATCCG,rpob_etc,lacZ_KO2,Neutral,,,,Neutral,,,3
translational_knockout,recA,,,,,,,TACCCGGCATGACAGGAGTAAAAATGGCTATCGACGAAAACTAATAGTGAGCGTTGGCGGCAGCACTGGGCCAGATTGAGAAACAATTTG,rpob_etc,recA_KO,Deleterious,,,,Deleterious,,,1
mutation,rpoB,,,,,,,TTTCCGCAGCAGTGAAAGAGTTCTTCGGTTCCAGCCAGCTGTCTCCGTTTATGGACCAGAACAACCCGCTGTCTGAGATTACGCACAAAC,rpob_etc,rpoB_A_1538_C,Rifampicin Resistance,,,rpoB_A_1537_C,Drug_resistance,rifR e.coli,,5
mutation,rpoB,,,,,,,CAGTGAAAGAGTTCTTCGGTTCCAGCCAGCTGTCTCAGTTTATGGGCCAGAACAACCCGCTGTCTGAGATTACGCACAAACGTCGTATCT,rpob_etc,rpoB_A_1547_G,Rifampicin Resistance,,,rpoB_A_1546_G,Drug_resistance,rifR e.coli,,5
mutation,rpoB,,,,,,,CAAACGTCGTATCTCCGCACTCGGCCCAGGCGGTCTGACCCGTGATCGTGCAGGCTTCGAAGTTCGAGACGTACACCCGACTCACTACGG,rpob_etc,rpoB_A_1623_T,"rpoB Allele, unknown effect",,,rpoB_A_1622_T,Unknown,rifR TB,,6
mutation,rpoB,,,,,,,CTGACCCGTGAACGTGCAGGCTTCGAAGTTCGAGACGTACACCCGGCTCACTACGGTCGCGTATGTCCAATCGAAACCCCTGAAGGTCCG,rpob_etc,rpoB_A_1657_G,"rpoB Allele, unknown effect",,,rpoB_A_1656_G,Unknown,rifR TB,,6
mutation,rpoB,,,,,,,CTGACCCGTGAACGTGCAGGCTTCGAAGTTCGAGACGTACACCCGTCTCACTACGGTCGCGTATGTCCAATCGAAACCCCTGAAGGTCCG,rpob_etc,rpoB_A_1657_T,"rpoB Allele, unknown effect",,,rpoB_A_1656_T,Unknown,TB,,6
mutation,rpoB,,,,,,,CGCGTATGTCCAATCGAAACCCCTGAAGGTCCGAACATCGGTCTGCTCAACTCTCTGTCCGTGTACGCACAGACTAACGAATACGGCTTC,rpob_etc,rpoB_A_1714_C,Rifampicin Resistance,,,rpoB_A_1713_C,Drug_resistance,rifR e.coli,,5
mutation,rpoB,,,,,,,ACGGTACCTTTGTTATCAACGGTACTGAGCGTGTTATCGTTTCCCTGCTGCACCGTAGTCCGGGCGTCTTCTTTGACTCCGACAAAGGTA,rpob_etc,rpoB_A_443_T,Rifampicin Resistance,,,rpoB_A_442_T,Drug_resistance,rifR e.coli,,5
mutation,rpoB,,,,,,,CGATTTCCGCAGCAGTGAAAGAGTTCTTCGGTTCCAGCCAGCTGTTTCAGTTTATGGACCAGAACAACCCGCTGTCTGAGATTACGCACA,rpob_etc,rpoB_C_1535_T,Rifampicin Resistance,,,rpoB_C_1534_T,Drug_resistance,rifR e.coli,,5
mutation,rpoB,,,,,,,CTGTCTCAGTTTATGGACCAGAACAACCCGCTGTCTGAGATTACGAACAAACGTCGTATCTCCGCACTCGGCCCAGGCGGTCTGACCCGT,rpob_etc,rpoB_C_1576_A,Rifampicin Resistance,,,rpoB_C_1575_A,Drug_resistance,rifR e.coli,,5
mutation,rpoB,,,,,,,CTGTCTCAGTTTATGGACCAGAACAACCCGCTGTCTGAGATTACGGACAAACGTCGTATCTCCGCACTCGGCCCAGGCGGTCTGACCCGT,rpob_etc,rpoB_C_1576_G,"rpoB Allele, unknown effect",,,rpoB_C_1575_G,Unknown,rifR TB,,6
mutation,rpoB,,,,,,,GCTGTCTCAGTTTATGGACCAGAACAACCCGCTGTCTGAGATTACGTACAAACGTCGTATCTCCGCACTCGGCCCAGGCGGTCTGACCCG,rpob_etc,rpoB_C_1576_T,Rifampicin Resistance,,,rpoB_C_1575_T,Drug_resistance,DRUGR_E.COLI,,5
mutation,rpoB,,,,,,,GTCCAATCGAAACCCCTGAAGGTCCGAACATCGGTCTGATCAACTATCTGTCCGTGTACGCACAGACTAACGAATACGGCTTCCTTGAGA,rpob_etc,rpoB_C_1721_A,Rifampicin Resistance,,,rpoB_C_1720_A,Drug_resistance,DRUGR_E.COLI,,5
mutation,rpoB,,,,,,,AGAACAACCCGCTGTCTGAGATTACGCACAAACGTCGTATCTCCGGCGGTCTGACCCGTGAACGTGCAGGCTTCGAAGTTCGAGACGTAC,rpob_etc,rpoB_CACTCGGCCCAG_1595_nan,Rifampicin Resistance,,,rpoB_CACTCGGCCCAG_1594_nan,Drug_resistance,DRUGR_E.COLI,,5
mutation,rpoB,,,,,,,GCTGTCTCAGTTTATGGACCAGAACAACCCGCTGTCTGAGATTATTCACAAACGTCGTATCTCCGCACTCGGCCCAGGCGGTCTGACCCG,rpob_etc,rpoB_CG_1574_TT,"rpoB Allele, unknown effect",,,rpoB_CG_1573_TT,Unknown,rifR TB,,6
mutation,rpoB,,,,,,,AGCAGTGAAAGAGTTCTTCGGTTCCAGCCAGCTGTCTCAGTTTATAGACCAGAACAACCCGCTGTCTGAGATTACGCACAAACGTCGTAT,rpob_etc,rpoB_G_1545_A,Rifampicin Resistance,,,rpoB_G_1544_A,Drug_resistance,DRUGR_E.COLI,,5
mutation,rpoB,,,,,,,AGCAGTGAAAGAGTTCTTCGGTTCCAGCCAGCTGTCTCAGTTTATTGACCAGAACAACCCGCTGTCTGAGATTACGCACAAACGTCGTAT,rpob_etc,rpoB_G_1545_T,Rifampicin Resistance,,,rpoB_G_1544_T,Drug_resistance,rifR e.coli,BOTH rif R e.coli and TB,5
mutation,rpoB,,,,,,,GCAGTGAAAGAGTTCTTCGGTTCCAGCCAGCTGTCTCAGTTTATGTACCAGAACAACCCGCTGTCTGAGATTACGCACAAACGTCGTATC,rpob_etc,rpoB_G_1546_T,Rifampicin Resistance,,,rpoB_G_1545_T,Drug_resistance,rifR e.coli,BOTH rif R e.coli and TB,5
translational_knockout,rpoB,,,,,,,GATGGGTCGACTTGTCAGCGAGCTGAGGAACCCTATGGTTTAGTGATAAACCGAGAAAAAACGTATTCGTAAGGATTTTGGTAAACGTCC,rpob_etc,rpoB_KO,Lethal,,,,Lethal,Knockout,,2
translational_knockout,rpsL,,,,,,,GGCAACAGTTAACCAGCTGGTACGCAAACCACGTGCTCGCAAAGTTTAGTAATGAAACGTGCCTGCGCTGGAAGCATGCCCGCAAAAACG,rpob_etc,rpsL_KO,Lethal,,,,Lethal,,,2