id,gene,rel_start_1based,rel_start,mut_seq,orig_seq,allele_type,num__at_pos,,fixed
asd_AGG_721_CGT,asd,721,720,CGT,AGG,AGR,1,asd721,
asnS_AGG_427_CGT,asnS,427,426,CGT,AGG,AGR,1,asnS427,
bamD_AGA_145_CGT,bamD,145,144,CGT,AGA,AGR,1,bamD145,
cca_AGA_1045_CGT,cca,1045,1044,CGT,AGA,AGR,1,cca1045,
cca_AGA_64_CGT,cca,64,63,CGT,AGA,AGR,1,cca64,
cca_AGA_895_CGT,cca,895,894,CGT,AGA,AGR,1,cca895,
cdsA_AGG_847_CGT,cdsA,847,846,CGT,AGG,AGR,1,cdsA847,
coaA_AGA_13_CGT,coaA,13,12,CGT,AGA,AGR,1,coaA13,
coaE_AGG_616_CGT,coaE,616,615,CGT,AGG,AGR,1,coaE616,
dapA_AGA_31_CGT,dapA,31,30,CGT,AGA,AGR,1,dapA31,
dapB_AGA_481_CGT,dapB,481,480,CGT,AGA,AGR,1,dapB481,
dapB_AGA_745_CGT,dapB,745,744,CGT,AGA,AGR,1,dapB745,
dnaA_AGA_16_CGT,dnaA,16,15,CGT,AGA,AGR,1,dnaA16,
dnaC_AGG_298_CGT,dnaC,298,297,CGT,AGG,AGR,1,dnaC298,
dnaE_AGG_2941_CGT,dnaE,2941,2940,CGT,AGG,AGR,1,dnaE2941,
dnaE_AGG_3271_CGT,dnaE,3271,3270,CGT,AGG,AGR,1,dnaE3271,
dnaE_AGG_3361_CGT,dnaE,3361,3360,CGT,AGG,AGR,1,dnaE3361,
dnaE_AGG_523_CGT,dnaE,523,522,CGT,AGG,AGR,1,dnaE523,
dnaG_AGA_1456_CGT,dnaG,1456,1455,CGT,AGA,AGR,1,dnaG1456,
dnaG_AGG_337_CGT,dnaG,337,336,CGT,AGG,AGR,1,dnaG337,
dnaN_AGA_7_CGT,dnaN,7,6,CGT,AGA,AGR,1,dnaN7,
dnaT_AGA_202_CGT,dnaT,202,201,CGT,AGA,AGR,1,dnaT202,
dnaT_aga_529_cga,dnaT,7,6,CGA,AGA,AGR,2,dnaT7,1
dnaT_AGA_529_CGT,dnaT,529,528,CGT,AGA,AGR,2,dnaT529,0
dnaT_AGA_7_CGT,dnaT,7,6,CGT,AGA,AGR,2,dnaT7,0
dnaT_ttccaga_6_atctcgt,dnaT,529,528,ATCTCGT,TTCCAGA,AGR,2,dnaT529,1
dnaX_AGA_1345_CGT,dnaX,1345,1344,CGT,AGA,AGR,1,dnaX1345,
dxr_AGA_1168_CGT,dxr,1168,1167,CGT,AGA,AGR,1,dxr1168,
ffh_AGA_43_CGT,ffh,43,42,CGT,AGA,AGR,1,ffh43,
folC_AGA_1249_CGT,folC,16,15,CGTCGT,AGGAGA,AGR,2,folC16,
folC_aggaga_1249_cggcga,folC,16,15,CGGCGA,AGGAGA,AGR,2,folC16,
folK_AGA_28_CGT,folK,28,27,CGT,AGA,AGR,1,folK28,
frr_aga_16_AAA,frr,16,15,AAA,AGA,AGR,64,frr16,
frr_aga_16_AAC,frr,16,15,AAC,AGA,AGR,64,frr16,
frr_aga_16_AAG,frr,16,15,AAG,AGA,AGR,64,frr16,
frr_aga_16_AAt,frr,16,15,AAT,AGA,AGR,64,frr16,
frr_aga_16_ACA,frr,16,15,ACA,AGA,AGR,64,frr16,
frr_aga_16_ACC,frr,16,15,ACC,AGA,AGR,64,frr16,
frr_aga_16_ACG,frr,16,15,ACG,AGA,AGR,64,frr16,
frr_aga_16_ACt,frr,16,15,ACT,AGA,AGR,64,frr16,
frr_aga_16_AGA,frr,16,15,AGA,AGA,AGR,64,frr16,
frr_aga_16_AGC,frr,16,15,AGC,AGA,AGR,64,frr16,
frr_aga_16_AGG,frr,16,15,AGG,AGA,AGR,64,frr16,
frr_aga_16_AGt,frr,16,15,AGT,AGA,AGR,64,frr16,
frr_aga_16_AtA,frr,16,15,ATA,AGA,AGR,64,frr16,
frr_aga_16_AtC,frr,16,15,ATC,AGA,AGR,64,frr16,
frr_aga_16_atg,frr,16,15,ATG,AGA,AGR,64,frr16,
frr_aga_16_Att,frr,16,15,ATT,AGA,AGR,64,frr16,
frr_aga_16_CAA,frr,16,15,CAA,AGA,AGR,64,frr16,
frr_aga_16_CAC,frr,16,15,CAC,AGA,AGR,64,frr16,
frr_aga_16_CAG,frr,16,15,CAG,AGA,AGR,64,frr16,
frr_aga_16_CAt,frr,16,15,CAT,AGA,AGR,64,frr16,
frr_aga_16_CCA,frr,16,15,CCA,AGA,AGR,64,frr16,
frr_aga_16_CCC,frr,16,15,CCC,AGA,AGR,64,frr16,
frr_aga_16_CCG,frr,16,15,CCG,AGA,AGR,64,frr16,
frr_aga_16_CCt,frr,16,15,CCT,AGA,AGR,64,frr16,
frr_aga_16_CGA,frr,16,15,CGA,AGA,AGR,64,frr16,
frr_aga_16_CGC,frr,16,15,CGC,AGA,AGR,64,frr16,
frr_aga_16_CGG,frr,16,15,CGG,AGA,AGR,64,frr16,
frr_AGA_16_CGT,frr,16,15,CGT,AGA,AGR,64,frr16,
frr_aga_16_CtA,frr,16,15,CTA,AGA,AGR,64,frr16,
frr_aga_16_CtC,frr,16,15,CTC,AGA,AGR,64,frr16,
frr_aga_16_CtG,frr,16,15,CTG,AGA,AGR,64,frr16,
frr_aga_16_Ctt,frr,16,15,CTT,AGA,AGR,64,frr16,
frr_aga_16_GAA,frr,16,15,GAA,AGA,AGR,64,frr16,
frr_aga_16_GAC,frr,16,15,GAC,AGA,AGR,64,frr16,
frr_aga_16_GAG,frr,16,15,GAG,AGA,AGR,64,frr16,
frr_aga_16_GAt,frr,16,15,GAT,AGA,AGR,64,frr16,
frr_aga_16_GCA,frr,16,15,GCA,AGA,AGR,64,frr16,
frr_aga_16_GCC,frr,16,15,GCC,AGA,AGR,64,frr16,
frr_aga_16_GCG,frr,16,15,GCG,AGA,AGR,64,frr16,
frr_aga_16_GCt,frr,16,15,GCT,AGA,AGR,64,frr16,
frr_aga_16_GGA,frr,16,15,GGA,AGA,AGR,64,frr16,
frr_aga_16_GGC,frr,16,15,GGC,AGA,AGR,64,frr16,
frr_aga_16_GGG,frr,16,15,GGG,AGA,AGR,64,frr16,
frr_aga_16_GGt,frr,16,15,GGT,AGA,AGR,64,frr16,
frr_aga_16_GtA,frr,16,15,GTA,AGA,AGR,64,frr16,
frr_aga_16_GtC,frr,16,15,GTC,AGA,AGR,64,frr16,
frr_aga_16_GtG,frr,16,15,GTG,AGA,AGR,64,frr16,
frr_aga_16_Gtt,frr,16,15,GTT,AGA,AGR,64,frr16,
frr_aga_16_taa,frr,16,15,TAA,AGA,AGR,64,frr16,
frr_aga_16_tAC,frr,16,15,TAC,AGA,AGR,64,frr16,
frr_aga_16_tag,frr,16,15,TAG,AGA,AGR,64,frr16,
frr_aga_16_tAt,frr,16,15,TAT,AGA,AGR,64,frr16,
frr_aga_16_tCA,frr,16,15,TCA,AGA,AGR,64,frr16,
frr_aga_16_tCC,frr,16,15,TCC,AGA,AGR,64,frr16,
frr_aga_16_tCG,frr,16,15,TCG,AGA,AGR,64,frr16,
frr_aga_16_tCt,frr,16,15,TCT,AGA,AGR,64,frr16,
frr_aga_16_tga,frr,16,15,TGA,AGA,AGR,64,frr16,
frr_aga_16_tGC,frr,16,15,TGC,AGA,AGR,64,frr16,
frr_aga_16_tGG,frr,16,15,TGG,AGA,AGR,64,frr16,
frr_aga_16_tGt,frr,16,15,TGT,AGA,AGR,64,frr16,
frr_aga_16_ttA,frr,16,15,TTA,AGA,AGR,64,frr16,
frr_aga_16_ttC,frr,16,15,TTC,AGA,AGR,64,frr16,
frr_aga_16_ttG,frr,16,15,TTG,AGA,AGR,64,frr16,
frr_aga_16_ttt,frr,16,15,TTT,AGA,AGR,64,frr16,
ftsA_aga_19_AAA,ftsA,19,18,AAA,AGA,AGR,64,ftsA19,
ftsA_aga_19_AAC,ftsA,19,18,AAC,AGA,AGR,64,ftsA19,
ftsA_aga_19_AAG,ftsA,19,18,AAG,AGA,AGR,64,ftsA19,
ftsA_aga_19_AAt,ftsA,19,18,AAT,AGA,AGR,64,ftsA19,
ftsA_aga_19_ACA,ftsA,19,18,ACA,AGA,AGR,64,ftsA19,
ftsA_aga_19_ACC,ftsA,19,18,ACC,AGA,AGR,64,ftsA19,
ftsA_aga_19_ACG,ftsA,19,18,ACG,AGA,AGR,64,ftsA19,
ftsA_aga_19_ACt,ftsA,19,18,ACT,AGA,AGR,64,ftsA19,
ftsA_aga_19_AGA,ftsA,19,18,AGA,AGA,AGR,64,ftsA19,
ftsA_aga_19_AGC,ftsA,19,18,AGC,AGA,AGR,64,ftsA19,
ftsA_aga_19_AGG,ftsA,19,18,AGG,AGA,AGR,64,ftsA19,
ftsA_aga_19_AGt,ftsA,19,18,AGT,AGA,AGR,64,ftsA19,
ftsA_aga_19_AtA,ftsA,19,18,ATA,AGA,AGR,64,ftsA19,
ftsA_aga_19_AtC,ftsA,19,18,ATC,AGA,AGR,64,ftsA19,
ftsA_aga_19_atg,ftsA,19,18,ATG,AGA,AGR,64,ftsA19,
ftsA_aga_19_Att,ftsA,19,18,ATT,AGA,AGR,64,ftsA19,
ftsA_aga_19_CAA,ftsA,19,18,CAA,AGA,AGR,64,ftsA19,
ftsA_aga_19_CAC,ftsA,19,18,CAC,AGA,AGR,64,ftsA19,
ftsA_aga_19_CAG,ftsA,19,18,CAG,AGA,AGR,64,ftsA19,
ftsA_aga_19_CAt,ftsA,19,18,CAT,AGA,AGR,64,ftsA19,
ftsA_aga_19_CCA,ftsA,19,18,CCA,AGA,AGR,64,ftsA19,
ftsA_aga_19_CCC,ftsA,19,18,CCC,AGA,AGR,64,ftsA19,
ftsA_aga_19_CCG,ftsA,19,18,CCG,AGA,AGR,64,ftsA19,
ftsA_aga_19_CCt,ftsA,19,18,CCT,AGA,AGR,64,ftsA19,
ftsA_aga_19_CGA,ftsA,19,18,CGA,AGA,AGR,64,ftsA19,
ftsA_aga_19_CGC,ftsA,19,18,CGC,AGA,AGR,64,ftsA19,
ftsA_aga_19_CGG,ftsA,19,18,CGG,AGA,AGR,64,ftsA19,
ftsA_AGA_19_CGT,ftsA,19,18,CGT,AGA,AGR,64,ftsA19,
ftsA_aga_19_CtA,ftsA,19,18,CTA,AGA,AGR,64,ftsA19,
ftsA_aga_19_CtC,ftsA,19,18,CTC,AGA,AGR,64,ftsA19,
ftsA_aga_19_CtG,ftsA,19,18,CTG,AGA,AGR,64,ftsA19,
ftsA_aga_19_Ctt,ftsA,19,18,CTT,AGA,AGR,64,ftsA19,
ftsA_aga_19_GAA,ftsA,19,18,GAA,AGA,AGR,64,ftsA19,
ftsA_aga_19_GAC,ftsA,19,18,GAC,AGA,AGR,64,ftsA19,
ftsA_aga_19_GAG,ftsA,19,18,GAG,AGA,AGR,64,ftsA19,
ftsA_aga_19_GAt,ftsA,19,18,GAT,AGA,AGR,64,ftsA19,
ftsA_aga_19_GCA,ftsA,19,18,GCA,AGA,AGR,64,ftsA19,
ftsA_aga_19_GCC,ftsA,19,18,GCC,AGA,AGR,64,ftsA19,
ftsA_aga_19_GCG,ftsA,19,18,GCG,AGA,AGR,64,ftsA19,
ftsA_aga_19_GCt,ftsA,19,18,GCT,AGA,AGR,64,ftsA19,
ftsA_aga_19_GGA,ftsA,19,18,GGA,AGA,AGR,64,ftsA19,
ftsA_aga_19_GGC,ftsA,19,18,GGC,AGA,AGR,64,ftsA19,
ftsA_aga_19_GGG,ftsA,19,18,GGG,AGA,AGR,64,ftsA19,
ftsA_aga_19_GGt,ftsA,19,18,GGT,AGA,AGR,64,ftsA19,
ftsA_aga_19_GtA,ftsA,19,18,GTA,AGA,AGR,64,ftsA19,
ftsA_aga_19_GtC,ftsA,19,18,GTC,AGA,AGR,64,ftsA19,
ftsA_aga_19_GtG,ftsA,19,18,GTG,AGA,AGR,64,ftsA19,
ftsA_aga_19_Gtt,ftsA,19,18,GTT,AGA,AGR,64,ftsA19,
ftsA_aga_19_taa,ftsA,19,18,TAA,AGA,AGR,64,ftsA19,
ftsA_aga_19_tAC,ftsA,19,18,TAC,AGA,AGR,64,ftsA19,
ftsA_aga_19_tag,ftsA,19,18,TAG,AGA,AGR,64,ftsA19,
ftsA_aga_19_tAt,ftsA,19,18,TAT,AGA,AGR,64,ftsA19,
ftsA_aga_19_tCA,ftsA,19,18,TCA,AGA,AGR,64,ftsA19,
ftsA_aga_19_tCC,ftsA,19,18,TCC,AGA,AGR,64,ftsA19,
ftsA_aga_19_tCG,ftsA,19,18,TCG,AGA,AGR,64,ftsA19,
ftsA_aga_19_tCt,ftsA,19,18,TCT,AGA,AGR,64,ftsA19,
ftsA_aga_19_tga,ftsA,19,18,TGA,AGA,AGR,64,ftsA19,
ftsA_aga_19_tGC,ftsA,19,18,TGC,AGA,AGR,64,ftsA19,
ftsA_aga_19_tGG,ftsA,19,18,TGG,AGA,AGR,64,ftsA19,
ftsA_aga_19_tGt,ftsA,19,18,TGT,AGA,AGR,64,ftsA19,
ftsA_aga_19_ttA,ftsA,19,18,TTA,AGA,AGR,64,ftsA19,
ftsA_aga_19_ttC,ftsA,19,18,TTC,AGA,AGR,64,ftsA19,
ftsA_aga_19_ttG,ftsA,19,18,TTG,AGA,AGR,64,ftsA19,
ftsA_aga_19_ttt,ftsA,19,18,TTT,AGA,AGR,64,ftsA19,
ftsB_AGG_76_CGT,ftsB,76,75,CGT,AGG,AGR,1,ftsB76,
ftsE_AGA_625_CGT,ftsE,625,624,CGT,AGA,AGR,1,ftsE625,
ftsI_aga_1759_CGA,ftsI,1759,1758,CGA,AGA,AGR,2,ftsI1759,1
ftsI_AGA_1759_CGT,ftsI,1759,1758,CGT,AGA,AGR,2,ftsI1759,0
ftsI_AGG_1234_CGT,ftsI,1234,1233,CGT,AGG,AGR,1,ftsI1234,
ftsL_AGA_10_CGT,ftsL,10,9,CGT,AGA,AGR,1,ftsL10,
ftsL_AGG_295_CGT,ftsL,295,294,CGT,AGG,AGR,1,ftsL295,
ftsN_AGA_193_CGT,ftsN,193,192,CGT,AGA,AGR,1,ftsN193,
ftsQ_AGA_334_CGT,ftsQ,334,333,CGT,AGA,AGR,1,ftsQ334,
ftsQ_AGA_553_CGT,ftsQ,553,552,CGT,AGA,AGR,1,ftsQ553,
glyQ_AGG_892_CGT,glyQ,892,891,CGT,AGG,AGR,1,glyQ892,
gmk_AGA_202_CGT,gmk,202,201,CGT,AGA,AGR,1,gmk202,
gpsA_AGA_943_CGT,gpsA,943,942,CGT,AGA,AGR,1,gpsA943,
gyrA_AGA_2611_CGT,gyrA,2611,2610,CGT,AGA,AGR,1,gyrA2611,
hda_AGA_106_CGT,hda,106,105,CGT,AGA,AGR,1,hda106,
hemC_AGA_922_CGT,JW5932,922,921,CGT,AGA,AGR,1,JW5932922,
hemG_AGG_28_CGT,hemG,28,27,CGT,AGG,AGR,1,hemG28,
hemH_AGA_103_CGT,hemH,103,102,CGT,AGA,AGR,1,hemH103,
holB_AGA_4_CGT,holB,4,3,CGT,AGA,AGR,1,holB4,
holB_AGA_64_CGT,holB,64,63,CGT,AGA,AGR,1,holB64,
holB_gagatgg_3_aatgcgc,holB,3,2,AATGCGC,GAGATGG,AGR,1,holB3,
infC_AGA_424_CGT,infC,424,423,CGT,AGA,AGR,1,infC424,
ispA_AGA_487_CGT,JW0411,487,486,CGT,AGA,AGR,1,JW0411487,
ispB_AGG_280_CGT,ispB,280,279,CGT,AGG,AGR,1,ispB280,
ispE_AGA_13_CGT,ispE,13,12,CGT,AGA,AGR,1,ispE13,
ispE_AGA_205_CGT,ispE,205,204,CGT,AGA,AGR,1,ispE205,
ispE_AGG_262_CGT,ispE,262,261,CGT,AGG,AGR,1,ispE262,
ispG_AGA_1090_CGT,ispG,1090,1089,CGT,AGA,AGR,1,ispG1090,
ispU_AGG_466_CGT,ispU,466,465,CGT,AGG,AGR,1,ispU466,
ispU_AGG_580_CGT,ispU,580,579,CGT,AGG,AGR,1,ispU580,
lexA_AGG_19_CGT,lexA,19,18,CGT,AGG,AGR,1,lexA19,
ligA_AGG_1906_CGT,ligA,1906,1905,CGT,AGG,AGR,1,ligA1906,
lolE_AGA_916_CGT,lolE,916,915,CGT,AGA,AGR,1,lolE916,
lptB_AGA_718_CGT,lptB,718,717,CGT,AGA,AGR,1,lptB718,
lptC_AGA_13_CGT,lptC,13,12,CGT,AGA,AGR,1,lptC13,
lptC_AGA_382_CGT,lptC,382,381,CGT,AGA,AGR,1,lptC382,
lptC_AGA_535_CGT,lptC,535,534,CGT,AGA,AGR,1,lptC535,
lptD_AGA_1093_CGT,lptD,1093,1092,CGT,AGA,AGR,1,lptD1093,
lptD_AGA_949_CGT,lptD,949,948,CGT,AGA,AGR,1,lptD949,
lptF_AGA_13_CGT,lptF,13,12,CGT,AGA,AGR,1,lptF13,
lptF_AGG_97_CGT,lptF,97,96,CGT,AGG,AGR,1,lptF97,
lptG_AGA_1072_CGT,lptG,1072,1071,CGT,AGA,AGR,1,lptG1072,
lpxB_AGA_412_CGT,lpxB,412,411,CGT,AGA,AGR,1,lpxB412,
lpxB_AGA_961_CGT,lpxB,961,960,CGT,AGA,AGR,1,lpxB961,
lpxC_AGG_13_CGT,lpxC,13,12,CGT,AGG,AGR,1,lpxC13,
lspA_AGA_478_CGT,lspA,478,477,CGT,AGA,AGR,1,lspA478,
metG_AGG_1612_CGT,metG,1612,1611,CGT,AGG,AGR,1,metG1612,
mrdA_AGA_757_CGT,mrdA,757,756,CGT,AGA,AGR,1,mrdA757,
mrdB_AGA_223_CGT,mrdB,223,222,CGT,AGA,AGR,1,mrdB223,
mrdB_AGG_25_CGT,mrdB,25,24,CGT,AGG,AGR,1,mrdB25,
mreC_AGG_58_CGT,mreC,58,57,CGT,AGG,AGR,1,mreC58,
mreD_AGA_97_CGT,mreD,97,96,CGT,AGA,AGR,1,mreD97,
mukF_AGA_1114_CGT,mukF,1114,1113,CGT,AGA,AGR,1,mukF1114,
mukF_AGA_46_CGT,mukF,46,45,CGT,AGA,AGR,1,mukF46,
murB_AGA_931_CGT,murB,931,930,CGT,AGA,AGR,1,murB931,
murI_AGA_574_CGT,murI,574,573,CGT,AGA,AGR,1,murI574,
murJ_AGA_88_CGT,murJ,88,87,CGT,AGA,AGR,1,murJ88,
nadE_AGA_745_CGT,nadE,745,744,CGT,AGA,AGR,1,nadE745,
pheT_AGG_7_CGT,pheT,7,6,CGT,AGG,AGR,1,pheT7,
plsC_AGA_385_CGT,plsC,385,384,CGT,AGA,AGR,1,plsC385,
prfB_AGG_1033_CGT,prfB,1033,1032,CGT,AGG,AGR,1,prfB1033,0
prfB_agggggtatctttgac_1022_cgtgggtatcttgac,prfB,1022,1021,CGTGGGTATCTTGAC,AGGGGGTATCTTTGAC,AGR,2,prfB1022,1
prfB_tagggggtatctttgac_1022_acgggggtatcttugac,prfB,1022,1021,ACGGGGGTATCTTGAC,TAGGGGGTATCTTTGAC,AGR,2,prfB1022,1
prmC_AGA_100_CGT,prmC,100,99,CGT,AGA,AGR,1,prmC100,
proS_AGG_514_CGT,proS,514,513,CGT,AGG,AGR,1,proS514,
pssA_AGG_226_CGT,pssA,226,225,CGT,AGG,AGR,1,pssA226,
ribF_AGA_211_CGT,ribF,211,210,CGT,AGA,AGR,1,ribF211,
ribF_AGG_289_CGT,ribF,289,288,CGT,AGG,AGR,1,ribF289,
rimN_AGA_553_CGT,rimN,553,552,CGT,AGA,AGR,1,rimN553,
rne_AGA_3178_CGT,rne,3178,3177,CGT,AGA,AGR,1,rne3178,
rnpA_agg_22_AAA,rnpA,22,21,AAA,AGG,AGR,64,rnpA22,
rnpA_agg_22_AAC,rnpA,22,21,AAC,AGG,AGR,64,rnpA22,
rnpA_agg_22_AAG,rnpA,22,21,AAG,AGG,AGR,64,rnpA22,
rnpA_agg_22_AAt,rnpA,22,21,AAT,AGG,AGR,64,rnpA22,
rnpA_agg_22_ACA,rnpA,22,21,ACA,AGG,AGR,64,rnpA22,
rnpA_agg_22_ACC,rnpA,22,21,ACC,AGG,AGR,64,rnpA22,
rnpA_agg_22_ACG,rnpA,22,21,ACG,AGG,AGR,64,rnpA22,
rnpA_agg_22_ACt,rnpA,22,21,ACT,AGG,AGR,64,rnpA22,
rnpA_agg_22_AGA,rnpA,22,21,AGA,AGG,AGR,64,rnpA22,
rnpA_agg_22_AGC,rnpA,22,21,AGC,AGG,AGR,64,rnpA22,
rnpA_agg_22_AGG,rnpA,22,21,AGG,AGG,AGR,64,rnpA22,
rnpA_agg_22_AGt,rnpA,22,21,AGT,AGG,AGR,64,rnpA22,
rnpA_agg_22_AtA,rnpA,22,21,ATA,AGG,AGR,64,rnpA22,
rnpA_agg_22_AtC,rnpA,22,21,ATC,AGG,AGR,64,rnpA22,
rnpA_agg_22_atg,rnpA,22,21,ATG,AGG,AGR,64,rnpA22,
rnpA_agg_22_Att,rnpA,22,21,ATT,AGG,AGR,64,rnpA22,
rnpA_agg_22_CAA,rnpA,22,21,CAA,AGG,AGR,64,rnpA22,
rnpA_agg_22_CAC,rnpA,22,21,CAC,AGG,AGR,64,rnpA22,
rnpA_agg_22_CAG,rnpA,22,21,CAG,AGG,AGR,64,rnpA22,
rnpA_agg_22_CAt,rnpA,22,21,CAT,AGG,AGR,64,rnpA22,
rnpA_agg_22_CCA,rnpA,22,21,CCA,AGG,AGR,64,rnpA22,
rnpA_agg_22_CCC,rnpA,22,21,CCC,AGG,AGR,64,rnpA22,
rnpA_agg_22_CCG,rnpA,22,21,CCG,AGG,AGR,64,rnpA22,
rnpA_agg_22_CCt,rnpA,22,21,CCT,AGG,AGR,64,rnpA22,
rnpA_agg_22_CGA,rnpA,22,21,CGA,AGG,AGR,64,rnpA22,
rnpA_agg_22_CGC,rnpA,22,21,CGC,AGG,AGR,64,rnpA22,
rnpA_agg_22_CGG,rnpA,22,21,CGG,AGG,AGR,64,rnpA22,
rnpA_AGG_22_CGT,rnpA,22,21,CGT,AGG,AGR,64,rnpA22,
rnpA_agg_22_CtA,rnpA,22,21,CTA,AGG,AGR,64,rnpA22,
rnpA_agg_22_CtC,rnpA,22,21,CTC,AGG,AGR,64,rnpA22,
rnpA_agg_22_CtG,rnpA,22,21,CTG,AGG,AGR,64,rnpA22,
rnpA_agg_22_Ctt,rnpA,22,21,CTT,AGG,AGR,64,rnpA22,
rnpA_agg_22_GAA,rnpA,22,21,GAA,AGG,AGR,64,rnpA22,
rnpA_agg_22_GAC,rnpA,22,21,GAC,AGG,AGR,64,rnpA22,
rnpA_agg_22_GAG,rnpA,22,21,GAG,AGG,AGR,64,rnpA22,
rnpA_agg_22_GAt,rnpA,22,21,GAT,AGG,AGR,64,rnpA22,
rnpA_agg_22_GCA,rnpA,22,21,GCA,AGG,AGR,64,rnpA22,
rnpA_agg_22_GCC,rnpA,22,21,GCC,AGG,AGR,64,rnpA22,
rnpA_agg_22_GCG,rnpA,22,21,GCG,AGG,AGR,64,rnpA22,
rnpA_agg_22_GCt,rnpA,22,21,GCT,AGG,AGR,64,rnpA22,
rnpA_agg_22_GGA,rnpA,22,21,GGA,AGG,AGR,64,rnpA22,
rnpA_agg_22_GGC,rnpA,22,21,GGC,AGG,AGR,64,rnpA22,
rnpA_agg_22_GGG,rnpA,22,21,GGG,AGG,AGR,64,rnpA22,
rnpA_agg_22_GGt,rnpA,22,21,GGT,AGG,AGR,64,rnpA22,
rnpA_agg_22_GtA,rnpA,22,21,GTA,AGG,AGR,64,rnpA22,
rnpA_agg_22_GtC,rnpA,22,21,GTC,AGG,AGR,64,rnpA22,
rnpA_agg_22_GtG,rnpA,22,21,GTG,AGG,AGR,64,rnpA22,
rnpA_agg_22_Gtt,rnpA,22,21,GTT,AGG,AGR,64,rnpA22,
rnpA_agg_22_taa,rnpA,22,21,TAA,AGG,AGR,64,rnpA22,
rnpA_agg_22_tAC,rnpA,22,21,TAC,AGG,AGR,64,rnpA22,
rnpA_agg_22_tag,rnpA,22,21,TAG,AGG,AGR,64,rnpA22,
rnpA_agg_22_tAt,rnpA,22,21,TAT,AGG,AGR,64,rnpA22,
rnpA_agg_22_tCA,rnpA,22,21,TCA,AGG,AGR,64,rnpA22,
rnpA_agg_22_tCC,rnpA,22,21,TCC,AGG,AGR,64,rnpA22,
rnpA_agg_22_tCG,rnpA,22,21,TCG,AGG,AGR,64,rnpA22,
rnpA_agg_22_tCt,rnpA,22,21,TCT,AGG,AGR,64,rnpA22,
rnpA_agg_22_tga,rnpA,22,21,TGA,AGG,AGR,64,rnpA22,
rnpA_agg_22_tGC,rnpA,22,21,TGC,AGG,AGR,64,rnpA22,
rnpA_agg_22_tGG,rnpA,22,21,TGG,AGG,AGR,64,rnpA22,
rnpA_agg_22_tGt,rnpA,22,21,TGT,AGG,AGR,64,rnpA22,
rnpA_agg_22_ttA,rnpA,22,21,TTA,AGG,AGR,64,rnpA22,
rnpA_agg_22_ttC,rnpA,22,21,TTC,AGG,AGR,64,rnpA22,
rnpA_agg_22_ttG,rnpA,22,21,TTG,AGG,AGR,64,rnpA22,
rnpA_agg_22_ttt,rnpA,22,21,TTT,AGG,AGR,64,rnpA22,
rplX_AGA_58_CGT,rplX,58,57,CGT,AGA,AGR,1,rplX58,
rpoA_AGA_718_CGT,rpoA,718,717,CGT,AGA,AGR,1,rpoA718,
rpsD_AGA_613_CGT,rpsD,613,612,CGT,AGA,AGR,1,rpsD613,
rpsJ_aga_298_AAA,rpsJ,298,297,AAA,AGA,AGR,64,rpsJ298,
rpsJ_aga_298_AAC,rpsJ,298,297,AAC,AGA,AGR,64,rpsJ298,
rpsJ_aga_298_AAG,rpsJ,298,297,AAG,AGA,AGR,64,rpsJ298,
rpsJ_aga_298_AAt,rpsJ,298,297,AAT,AGA,AGR,64,rpsJ298,
rpsJ_aga_298_ACA,rpsJ,298,297,ACA,AGA,AGR,64,rpsJ298,
rpsJ_aga_298_ACC,rpsJ,298,297,ACC,AGA,AGR,64,rpsJ298,
rpsJ_aga_298_ACG,rpsJ,298,297,ACG,AGA,AGR,64,rpsJ298,
rpsJ_aga_298_ACt,rpsJ,298,297,ACT,AGA,AGR,64,rpsJ298,
rpsJ_aga_298_AGA,rpsJ,298,297,AGA,AGA,AGR,64,rpsJ298,
rpsJ_aga_298_AGC,rpsJ,298,297,AGC,AGA,AGR,64,rpsJ298,
rpsJ_aga_298_AGG,rpsJ,298,297,AGG,AGA,AGR,64,rpsJ298,
rpsJ_aga_298_AGt,rpsJ,298,297,AGT,AGA,AGR,64,rpsJ298,
rpsJ_aga_298_AtA,rpsJ,298,297,ATA,AGA,AGR,64,rpsJ298,
rpsJ_aga_298_AtC,rpsJ,298,297,ATC,AGA,AGR,64,rpsJ298,
rpsJ_aga_298_atg,rpsJ,298,297,ATG,AGA,AGR,64,rpsJ298,
rpsJ_aga_298_Att,rpsJ,298,297,ATT,AGA,AGR,64,rpsJ298,
rpsJ_aga_298_CAA,rpsJ,298,297,CAA,AGA,AGR,64,rpsJ298,
rpsJ_aga_298_CAC,rpsJ,298,297,CAC,AGA,AGR,64,rpsJ298,
rpsJ_aga_298_CAG,rpsJ,298,297,CAG,AGA,AGR,64,rpsJ298,
rpsJ_aga_298_CAt,rpsJ,298,297,CAT,AGA,AGR,64,rpsJ298,
rpsJ_aga_298_CCA,rpsJ,298,297,CCA,AGA,AGR,64,rpsJ298,
rpsJ_aga_298_CCC,rpsJ,298,297,CCC,AGA,AGR,64,rpsJ298,
rpsJ_aga_298_CCG,rpsJ,298,297,CCG,AGA,AGR,64,rpsJ298,
rpsJ_aga_298_CCt,rpsJ,298,297,CCT,AGA,AGR,64,rpsJ298,
rpsJ_aga_298_CGA,rpsJ,298,297,CGA,AGA,AGR,64,rpsJ298,
rpsJ_aga_298_CGC,rpsJ,298,297,CGC,AGA,AGR,64,rpsJ298,
rpsJ_aga_298_CGG,rpsJ,298,297,CGG,AGA,AGR,64,rpsJ298,
rpsJ_AGA_298_CGT,rpsJ,298,297,CGT,AGA,AGR,64,rpsJ298,
rpsJ_aga_298_CtA,rpsJ,298,297,CTA,AGA,AGR,64,rpsJ298,
rpsJ_aga_298_CtC,rpsJ,298,297,CTC,AGA,AGR,64,rpsJ298,
rpsJ_aga_298_CtG,rpsJ,298,297,CTG,AGA,AGR,64,rpsJ298,
rpsJ_aga_298_Ctt,rpsJ,298,297,CTT,AGA,AGR,64,rpsJ298,
rpsJ_aga_298_GAA,rpsJ,298,297,GAA,AGA,AGR,64,rpsJ298,
rpsJ_aga_298_GAC,rpsJ,298,297,GAC,AGA,AGR,64,rpsJ298,
rpsJ_aga_298_GAG,rpsJ,298,297,GAG,AGA,AGR,64,rpsJ298,
rpsJ_aga_298_GAt,rpsJ,298,297,GAT,AGA,AGR,64,rpsJ298,
rpsJ_aga_298_GCA,rpsJ,298,297,GCA,AGA,AGR,64,rpsJ298,
rpsJ_aga_298_GCC,rpsJ,298,297,GCC,AGA,AGR,64,rpsJ298,
rpsJ_aga_298_GCG,rpsJ,298,297,GCG,AGA,AGR,64,rpsJ298,
rpsJ_aga_298_GCt,rpsJ,298,297,GCT,AGA,AGR,64,rpsJ298,
rpsJ_aga_298_GGA,rpsJ,298,297,GGA,AGA,AGR,64,rpsJ298,
rpsJ_aga_298_GGC,rpsJ,298,297,GGC,AGA,AGR,64,rpsJ298,
rpsJ_aga_298_GGG,rpsJ,298,297,GGG,AGA,AGR,64,rpsJ298,
rpsJ_aga_298_GGt,rpsJ,298,297,GGT,AGA,AGR,64,rpsJ298,
rpsJ_aga_298_GtA,rpsJ,298,297,GTA,AGA,AGR,64,rpsJ298,
rpsJ_aga_298_GtC,rpsJ,298,297,GTC,AGA,AGR,64,rpsJ298,
rpsJ_aga_298_GtG,rpsJ,298,297,GTG,AGA,AGR,64,rpsJ298,
rpsJ_aga_298_Gtt,rpsJ,298,297,GTT,AGA,AGR,64,rpsJ298,
rpsJ_aga_298_taa,rpsJ,298,297,TAA,AGA,AGR,64,rpsJ298,
rpsJ_aga_298_tAC,rpsJ,298,297,TAC,AGA,AGR,64,rpsJ298,
rpsJ_aga_298_tag,rpsJ,298,297,TAG,AGA,AGR,64,rpsJ298,
rpsJ_aga_298_tAt,rpsJ,298,297,TAT,AGA,AGR,64,rpsJ298,
rpsJ_aga_298_tCA,rpsJ,298,297,TCA,AGA,AGR,64,rpsJ298,
rpsJ_aga_298_tCC,rpsJ,298,297,TCC,AGA,AGR,64,rpsJ298,
rpsJ_aga_298_tCG,rpsJ,298,297,TCG,AGA,AGR,64,rpsJ298,
rpsJ_aga_298_tCt,rpsJ,298,297,TCT,AGA,AGR,64,rpsJ298,
rpsJ_aga_298_tga,rpsJ,298,297,TGA,AGA,AGR,64,rpsJ298,
rpsJ_aga_298_tGC,rpsJ,298,297,TGC,AGA,AGR,64,rpsJ298,
rpsJ_aga_298_tGG,rpsJ,298,297,TGG,AGA,AGR,64,rpsJ298,
rpsJ_aga_298_tGt,rpsJ,298,297,TGT,AGA,AGR,64,rpsJ298,
rpsJ_aga_298_ttA,rpsJ,298,297,TTA,AGA,AGR,64,rpsJ298,
rpsJ_aga_298_ttC,rpsJ,298,297,TTC,AGA,AGR,64,rpsJ298,
rpsJ_aga_298_ttG,rpsJ,298,297,TTG,AGA,AGR,64,rpsJ298,
rpsJ_aga_298_ttt,rpsJ,298,297,TTT,AGA,AGR,64,rpsJ298,
rpsK_AGA_352_CGT,rpsK,352,351,CGT,AGA,AGR,1,rpsK352,
rseP_AGG_733_CGT,rseP,733,732,CGT,AGG,AGR,1,rseP733,
rseP_AGG_832_CGT,rseP,832,831,CGT,AGG,AGR,1,rseP832,
secE_AGG_376_CGT,secE,376,375,CGT,AGG,AGR,2,secE376,0
secE_AGG_376_GAG,secE,376,375,GAG,AGG,AGR,2,secE376,1
secY_AGA_1267_CGT,secY,1267,1266,CGT,AGA,AGR,1,secY1267,
ssb_AGA_10_CGT,ssb,10,9,CGT,AGA,AGR,1,ssb10,
ssb_cagcag_6_gagtcg,ssb,6,5,GAGTCG,CAGCAG,AGR,1,ssb6,
thiL_AGA_49_CGT,thiL,49,48,CGT,AGA,AGR,1,thiL49,
thrS_AGA_208_CGT,thrS,208,207,CGT,AGA,AGR,1,thrS208,
tilS_AGA_19_CGT,tilS,19,18,CGT,AGA,AGR,1,tilS19,
tilS_AGG_829_CGT,tilS,829,828,CGT,AGG,AGR,1,tilS829,
tmk_AGA_151_CGT,tmk,151,150,CGT,AGA,AGR,1,tmk151,
trmD_AGA_109_CGT,trmD,109,108,CGT,AGA,AGR,1,trmD109,
trmD_AGA_112_CGT,trmD,112,111,CGT,AGA,AGR,1,trmD112,
trmD_AGG_64_CGT,trmD,64,63,CGT,AGG,AGR,1,trmD64,
yceQ_AGG_211_CGT,yceQ,211,210,CGT,AGG,AGR,1,yceQ211,
yejM_AGA_1684_CGT,yejM,1684,1683,CGT,AGA,AGR,1,yejM1684,
yejM_AGG_250_CGT,yejM,250,249,CGT,AGG,AGR,1,yejM250,
yejM_AGG_259_CGT,yejM,259,258,CGT,AGG,AGR,1,yejM259,
yqgF_AGA_223_CGT,yqgF,223,222,CGT,AGA,AGR,1,yqgF223,
yrfF_AGA_79_CGT,yrfF,79,78,CGT,AGA,AGR,1,yrfF79,