,SampleNum,SampleID,Well Position,idx_7,idx7_index,idx_5,idx5_index,expt_set,sample_nickname,lib,rep,tmp_conc,comment,time_treatment,adapters,5prime_cutadapt,3prime_cutadapt,5prime_edit,3prime_edit,ref,alt,row,timepoint
49,50,385,A1,r01,TCTCACGG,2_5,CCTATCCT,rec_edit,,,,,,,rec_rif,CTGATGCCACAGGATATGATCAACG,CAAACGTCGTATCTCCGCACTC,TCAGTTTATG,CAGAACAACC,GAC,GGC,A,1
50,51,386,A2,r02,ACTTGATG,2_5,CCTATCCT,rec_edit,,,,,,,rec_rif,CTGATGCCACAGGATATGATCAACG,CAAACGTCGTATCTCCGCACTC,TCAGTTTATG,CAGAACAACC,GAC,GGC,A,1
51,52,387,A3,r03,TCCGTCTT,2_5,CCTATCCT,rec_edit,,,,,,,rec_rif,CTGATGCCACAGGATATGATCAACG,CAAACGTCGTATCTCCGCACTC,TCAGTTTATG,CAGAACAACC,GAC,GGC,A,1
52,53,388,A4,r04,TAAGTTCG,2_5,CCTATCCT,rec_edit,,,,,,,rec_rif,CTGATGCCACAGGATATGATCAACG,CAAACGTCGTATCTCCGCACTC,TCAGTTTATG,CAGAACAACC,GAC,GGC,A,1
53,54,389,A5,r05,TGTCTATC,2_5,CCTATCCT,rec_edit,,,,,,,rec_rif,CTGATGCCACAGGATATGATCAACG,CAAACGTCGTATCTCCGCACTC,TCAGTTTATG,CAGAACAACC,GAC,GGC,A,1
54,55,390,A6,r06,TTCGCACC,2_5,CCTATCCT,rec_edit,,,,,,,rec_rif,CTGATGCCACAGGATATGATCAACG,CAAACGTCGTATCTCCGCACTC,TCAGTTTATG,CAGAACAACC,GAC,GGC,A,1
55,62,397,B1,r13,TGTACCTT,2_5,CCTATCCT,rec_edit,,,,,,,rec_rif,CTGATGCCACAGGATATGATCAACG,CAAACGTCGTATCTCCGCACTC,TCAGTTTATG,CAGAACAACC,GAC,GGC,B,1
56,63,398,B2,r14,TCTGCTGT,2_5,CCTATCCT,rec_edit,,,,,,,rec_rif,CTGATGCCACAGGATATGATCAACG,CAAACGTCGTATCTCCGCACTC,TCAGTTTATG,CAGAACAACC,GAC,GGC,B,1
57,64,399,B3,r15,TTGGAGGT,2_5,CCTATCCT,rec_edit,,,,,,,rec_rif,CTGATGCCACAGGATATGATCAACG,CAAACGTCGTATCTCCGCACTC,TCAGTTTATG,CAGAACAACC,GAC,GGC,B,1
58,65,400,B4,r16,TGATACGT,2_5,CCTATCCT,rec_edit,,,,,,,rec_rif,CTGATGCCACAGGATATGATCAACG,CAAACGTCGTATCTCCGCACTC,TCAGTTTATG,CAGAACAACC,GAC,GGC,B,1
59,66,401,B5,r17,TGCATAGT,2_5,CCTATCCT,rec_edit,,,,,,,rec_rif,CTGATGCCACAGGATATGATCAACG,CAAACGTCGTATCTCCGCACTC,TCAGTTTATG,CAGAACAACC,GAC,GGC,B,1
60,67,402,B6,r18,TTGACTCT,2_5,CCTATCCT,rec_edit,,,,,,,rec_rif,CTGATGCCACAGGATATGATCAACG,CAAACGTCGTATCTCCGCACTC,TCAGTTTATG,CAGAACAACC,GAC,GGC,B,1
61,74,409,C1,r25,TTGGTATG,2_5,CCTATCCT,rec_edit,,,,,,,rec_rif,CTGATGCCACAGGATATGATCAACG,CAAACGTCGTATCTCCGCACTC,TCAGTTTATG,CAGAACAACC,GAC,GGC,C,1
62,75,410,C2,r26,TGAACTGG,2_5,CCTATCCT,rec_edit,,,,,,,rec_rif,CTGATGCCACAGGATATGATCAACG,CAAACGTCGTATCTCCGCACTC,TCAGTTTATG,CAGAACAACC,GAC,GGC,C,1
63,76,411,C3,r27,TACTTCGG,2_5,CCTATCCT,rec_edit,,,,,,,rec_rif,CTGATGCCACAGGATATGATCAACG,CAAACGTCGTATCTCCGCACTC,TCAGTTTATG,CAGAACAACC,GAC,GGC,C,1
64,77,412,C4,r28,TCAGGAGG,2_5,CCTATCCT,rec_edit,,,,,,,rec_rif,CTGATGCCACAGGATATGATCAACG,CAAACGTCGTATCTCCGCACTC,TCAGTTTATG,CAGAACAACC,GAC,GGC,C,1
65,78,413,C5,r29,TGTATGCG,2_5,CCTATCCT,rec_edit,,,,,,,rec_rif,CTGATGCCACAGGATATGATCAACG,CAAACGTCGTATCTCCGCACTC,TCAGTTTATG,CAGAACAACC,GAC,GGC,C,1
66,84,421,D1,r37,TACCGAGC,2_5,CCTATCCT,rec_edit,,,,,,,rec_rif,CTGATGCCACAGGATATGATCAACG,CAAACGTCGTATCTCCGCACTC,TCAGTTTATG,CAGAACAACC,GAC,GGC,D,1
67,85,422,D2,r38,TGTTCTCC,2_5,CCTATCCT,rec_edit,,,,,,,rec_rif,CTGATGCCACAGGATATGATCAACG,CAAACGTCGTATCTCCGCACTC,TCAGTTTATG,CAGAACAACC,GAC,GGC,D,1
68,86,423,D3,r39,TTGCGTAC,2_5,CCTATCCT,rec_edit,,,,,,,rec_rif,CTGATGCCACAGGATATGATCAACG,CAAACGTCGTATCTCCGCACTC,TCAGTTTATG,CAGAACAACC,GAC,GGC,D,1
69,87,424,D4,r40,TCTACGAC,2_5,CCTATCCT,rec_edit,,,,,,,rec_rif,CTGATGCCACAGGATATGATCAACG,CAAACGTCGTATCTCCGCACTC,TCAGTTTATG,CAGAACAACC,GAC,GGC,D,1
70,88,425,D5,r41,TGACAGAC,2_5,CCTATCCT,rec_edit,,,,,,,rec_rif,CTGATGCCACAGGATATGATCAACG,CAAACGTCGTATCTCCGCACTC,TCAGTTTATG,CAGAACAACC,GAC,GGC,D,1
71,94,433,E1,r49,TACCACCA,2_5,CCTATCCT,rec_edit,,,,,,,rec_rif,CTGATGCCACAGGATATGATCAACG,CAAACGTCGTATCTCCGCACTC,TCAGTTTATG,CAGAACAACC,GAC,GGC,E,2
72,95,434,E2,r50,TGCGTGAA,2_5,CCTATCCT,rec_edit,,,,,,,rec_rif,CTGATGCCACAGGATATGATCAACG,CAAACGTCGTATCTCCGCACTC,TCAGTTTATG,CAGAACAACC,GAC,GGC,E,2
73,96,435,E3,r51,GACGGATT,2_5,CCTATCCT,rec_edit,,,,,,,rec_rif,CTGATGCCACAGGATATGATCAACG,CAAACGTCGTATCTCCGCACTC,TCAGTTTATG,CAGAACAACC,GAC,GGC,E,2
74,97,436,E4,r52,GCAACATT,2_5,CCTATCCT,rec_edit,,,,,,,rec_rif,CTGATGCCACAGGATATGATCAACG,CAAACGTCGTATCTCCGCACTC,TCAGTTTATG,CAGAACAACC,GAC,GGC,E,2
75,98,437,E5,r53,GGTCGTGT,2_5,CCTATCCT,rec_edit,,,,,,,rec_rif,CTGATGCCACAGGATATGATCAACG,CAAACGTCGTATCTCCGCACTC,TCAGTTTATG,CAGAACAACC,GAC,GGC,E,2
76,99,438,E6,r54,GAATCTGT,2_5,CCTATCCT,rec_edit,,,,,,,rec_rif,CTGATGCCACAGGATATGATCAACG,CAAACGTCGTATCTCCGCACTC,TCAGTTTATG,CAGAACAACC,GAC,GGC,E,2
77,106,445,F1,r61,GCAATCCG,2_5,CCTATCCT,rec_edit,,,,,,,rec_rif,CTGATGCCACAGGATATGATCAACG,CAAACGTCGTATCTCCGCACTC,TCAGTTTATG,CAGAACAACC,GAC,GGC,F,2
78,107,446,F2,r62,GCCTGTTC,2_5,CCTATCCT,rec_edit,,,,,,,rec_rif,CTGATGCCACAGGATATGATCAACG,CAAACGTCGTATCTCCGCACTC,TCAGTTTATG,CAGAACAACC,GAC,GGC,F,2
79,108,447,F3,r63,GCACTGTC,2_5,CCTATCCT,rec_edit,,,,,,,rec_rif,CTGATGCCACAGGATATGATCAACG,CAAACGTCGTATCTCCGCACTC,TCAGTTTATG,CAGAACAACC,GAC,GGC,F,2
80,109,448,F4,r64,GCTAACTC,2_5,CCTATCCT,rec_edit,,,,,,,rec_rif,CTGATGCCACAGGATATGATCAACG,CAAACGTCGTATCTCCGCACTC,TCAGTTTATG,CAGAACAACC,GAC,GGC,F,2
81,110,449,F5,r65,GATTCATC,2_5,CCTATCCT,rec_edit,,,,,,,rec_rif,CTGATGCCACAGGATATGATCAACG,CAAACGTCGTATCTCCGCACTC,TCAGTTTATG,CAGAACAACC,GAC,GGC,F,2
82,111,450,F6,r66,GTCTTGGC,2_5,CCTATCCT,rec_edit,,,,,,,rec_rif,CTGATGCCACAGGATATGATCAACG,CAAACGTCGTATCTCCGCACTC,TCAGTTTATG,CAGAACAACC,GAC,GGC,F,2
83,118,457,G1,r73,GGCTACAG,2_5,CCTATCCT,rec_edit,,,,,,,rec_rif,CTGATGCCACAGGATATGATCAACG,CAAACGTCGTATCTCCGCACTC,TCAGTTTATG,CAGAACAACC,GAC,GGC,G,2
84,119,458,G2,r74,TGACCACT,2_5,CCTATCCT,rec_edit,,,,,,,rec_rif,CTGATGCCACAGGATATGATCAACG,CAAACGTCGTATCTCCGCACTC,TCAGTTTATG,CAGAACAACC,GAC,GGC,G,2
85,120,459,G3,r75,TGGTTGTT,2_5,CCTATCCT,rec_edit,,,,,,,rec_rif,CTGATGCCACAGGATATGATCAACG,CAAACGTCGTATCTCCGCACTC,TCAGTTTATG,CAGAACAACC,GAC,GGC,G,2
86,121,460,G4,r76,TTCTGTGT,2_5,CCTATCCT,rec_edit,,,,,,,rec_rif,CTGATGCCACAGGATATGATCAACG,CAAACGTCGTATCTCCGCACTC,TCAGTTTATG,CAGAACAACC,GAC,GGC,G,2
87,122,461,G5,r77,TCGAGCGT,2_5,CCTATCCT,rec_edit,,,,,,,rec_rif,CTGATGCCACAGGATATGATCAACG,CAAACGTCGTATCTCCGCACTC,TCAGTTTATG,CAGAACAACC,GAC,GGC,G,2
88,128,469,H1,r85,GTGTCCTT,2_5,CCTATCCT,rec_edit,,,,,,,rec_rif,CTGATGCCACAGGATATGATCAACG,CAAACGTCGTATCTCCGCACTC,TCAGTTTATG,CAGAACAACC,GAC,GGC,H,2
89,129,470,H2,r86,GAGGTGCT,2_5,CCTATCCT,rec_edit,,,,,,,rec_rif,CTGATGCCACAGGATATGATCAACG,CAAACGTCGTATCTCCGCACTC,TCAGTTTATG,CAGAACAACC,GAC,GGC,H,2
90,130,471,H3,r87,GCATGGCT,2_5,CCTATCCT,rec_edit,,,,,,,rec_rif,CTGATGCCACAGGATATGATCAACG,CAAACGTCGTATCTCCGCACTC,TCAGTTTATG,CAGAACAACC,GAC,GGC,H,2
91,131,472,H4,r88,GTTAGCCT,2_5,CCTATCCT,rec_edit,,,,,,,rec_rif,CTGATGCCACAGGATATGATCAACG,CAAACGTCGTATCTCCGCACTC,TCAGTTTATG,CAGAACAACC,GAC,GGC,H,2
92,132,473,H5,r89,GGAATGAT,2_5,CCTATCCT,rec_edit,,,,,,,rec_rif,CTGATGCCACAGGATATGATCAACG,CAAACGTCGTATCTCCGCACTC,TCAGTTTATG,CAGAACAACC,GAC,GGC,H,2
93,56,391,A7,r07,GTAAGGTG,2_5,CCTATCCT,rec_edit,,,,,,,rec_gyr,GTTACCCTGACCGTCTACCAG,GGCAGATTTTTTATAGGCTTTGTTCCAG,GATCGTGTCATAGAC,AGTCACCATGGGGAT,CGCCG,GGCCA,A,1
94,57,392,A8,r08,GGATTAGG,2_5,CCTATCCT,rec_edit,,,,,,,rec_gyr,GTTACCCTGACCGTCTACCAG,GGCAGATTTTTTATAGGCTTTGTTCCAG,GATCGTGTCATAGAC,AGTCACCATGGGGAT,CGCCG,GGCCA,A,1
95,58,393,A9,r09,ATCACGTT,2_5,CCTATCCT,rec_edit,,,,,,,rec_gyr,GTTACCCTGACCGTCTACCAG,GGCAGATTTTTTATAGGCTTTGTTCCAG,GATCGTGTCATAGAC,AGTCACCATGGGGAT,CGCCG,GGCCA,A,1
96,59,394,A10,r10,CTTGTACT,2_5,CCTATCCT,rec_edit,,,,,,,rec_gyr,GTTACCCTGACCGTCTACCAG,GGCAGATTTTTTATAGGCTTTGTTCCAG,GATCGTGTCATAGAC,AGTCACCATGGGGAT,CGCCG,GGCCA,A,1
97,60,395,A11,r11,TCTCGGTT,2_5,CCTATCCT,rec_edit,,,,,,,rec_gyr,GTTACCCTGACCGTCTACCAG,GGCAGATTTTTTATAGGCTTTGTTCCAG,GATCGTGTCATAGAC,AGTCACCATGGGGAT,CGCCG,GGCCA,A,1
98,61,396,A12,r12,TAAGCGTT,2_5,CCTATCCT,rec_edit,,,,,,,rec_gyr,GTTACCCTGACCGTCTACCAG,GGCAGATTTTTTATAGGCTTTGTTCCAG,GATCGTGTCATAGAC,AGTCACCATGGGGAT,CGCCG,GGCCA,A,1
99,68,403,B7,r19,TTCCTGCT,2_5,CCTATCCT,rec_edit,,,,,,,rec_gyr,GTTACCCTGACCGTCTACCAG,GGCAGATTTTTTATAGGCTTTGTTCCAG,GATCGTGTCATAGAC,AGTCACCATGGGGAT,CGCCG,GGCCA,B,1
100,69,404,B8,r20,TGTGGTTG,2_5,CCTATCCT,rec_edit,,,,,,,rec_gyr,GTTACCCTGACCGTCTACCAG,GGCAGATTTTTTATAGGCTTTGTTCCAG,GATCGTGTCATAGAC,AGTCACCATGGGGAT,CGCCG,GGCCA,B,1
101,70,405,B9,r21,TAGTCTTG,2_5,CCTATCCT,rec_edit,,,,,,,rec_gyr,GTTACCCTGACCGTCTACCAG,GGCAGATTTTTTATAGGCTTTGTTCCAG,GATCGTGTCATAGAC,AGTCACCATGGGGAT,CGCCG,GGCCA,B,1
102,71,406,B10,r22,TTCCATTG,2_5,CCTATCCT,rec_edit,,,,,,,rec_gyr,GTTACCCTGACCGTCTACCAG,GGCAGATTTTTTATAGGCTTTGTTCCAG,GATCGTGTCATAGAC,AGTCACCATGGGGAT,CGCCG,GGCCA,B,1
103,72,407,B11,r23,TCGAAGTG,2_5,CCTATCCT,rec_edit,,,,,,,rec_gyr,GTTACCCTGACCGTCTACCAG,GGCAGATTTTTTATAGGCTTTGTTCCAG,GATCGTGTCATAGAC,AGTCACCATGGGGAT,CGCCG,GGCCA,B,1
104,73,408,B12,r24,TAACGCTG,2_5,CCTATCCT,rec_edit,,,,,,,rec_gyr,GTTACCCTGACCGTCTACCAG,GGCAGATTTTTTATAGGCTTTGTTCCAG,GATCGTGTCATAGAC,AGTCACCATGGGGAT,CGCCG,GGCCA,B,1
105,79,415,C7,r31,TATGCCAG,2_5,CCTATCCT,rec_edit,,,,,,,rec_gyr,GTTACCCTGACCGTCTACCAG,GGCAGATTTTTTATAGGCTTTGTTCCAG,GATCGTGTCATAGAC,AGTCACCATGGGGAT,CGCCG,GGCCA,C,1
106,80,416,C8,r32,TCAGATTC,2_5,CCTATCCT,rec_edit,,,,,,,rec_gyr,GTTACCCTGACCGTCTACCAG,GGCAGATTTTTTATAGGCTTTGTTCCAG,GATCGTGTCATAGAC,AGTCACCATGGGGAT,CGCCG,GGCCA,C,1
107,81,417,C9,r33,TTCAGCTC,2_5,CCTATCCT,rec_edit,,,,,,,rec_gyr,GTTACCCTGACCGTCTACCAG,GGCAGATTTTTTATAGGCTTTGTTCCAG,GATCGTGTCATAGAC,AGTCACCATGGGGAT,CGCCG,GGCCA,C,1
108,82,418,C10,r34,TATGTGGC,2_5,CCTATCCT,rec_edit,,,,,,,rec_gyr,GTTACCCTGACCGTCTACCAG,GGCAGATTTTTTATAGGCTTTGTTCCAG,GATCGTGTCATAGAC,AGTCACCATGGGGAT,CGCCG,GGCCA,C,1
109,83,419,C11,r35,TTACTCGC,2_5,CCTATCCT,rec_edit,,,,,,,rec_gyr,GTTACCCTGACCGTCTACCAG,GGCAGATTTTTTATAGGCTTTGTTCCAG,GATCGTGTCATAGAC,AGTCACCATGGGGAT,CGCCG,GGCCA,C,1
110,89,427,D7,r43,TGCTGATA,2_5,CCTATCCT,rec_edit,,,,,,,rec_gyr,GTTACCCTGACCGTCTACCAG,GGCAGATTTTTTATAGGCTTTGTTCCAG,GATCGTGTCATAGAC,AGTCACCATGGGGAT,CGCCG,GGCCA,D,1
111,90,428,D8,r44,TAGACGGA,2_5,CCTATCCT,rec_edit,,,,,,,rec_gyr,GTTACCCTGACCGTCTACCAG,GGCAGATTTTTTATAGGCTTTGTTCCAG,GATCGTGTCATAGAC,AGTCACCATGGGGAT,CGCCG,GGCCA,D,1
112,91,429,D9,r45,TGTGAAGA,2_5,CCTATCCT,rec_edit,,,,,,,rec_gyr,GTTACCCTGACCGTCTACCAG,GGCAGATTTTTTATAGGCTTTGTTCCAG,GATCGTGTCATAGAC,AGTCACCATGGGGAT,CGCCG,GGCCA,D,1
113,92,430,D10,r46,TCTCTTCA,2_5,CCTATCCT,rec_edit,,,,,,,rec_gyr,GTTACCCTGACCGTCTACCAG,GGCAGATTTTTTATAGGCTTTGTTCCAG,GATCGTGTCATAGAC,AGTCACCATGGGGAT,CGCCG,GGCCA,D,1
114,93,431,D11,r47,TTGTTCCA,2_5,CCTATCCT,rec_edit,,,,,,,rec_gyr,GTTACCCTGACCGTCTACCAG,GGCAGATTTTTTATAGGCTTTGTTCCAG,GATCGTGTCATAGAC,AGTCACCATGGGGAT,CGCCG,GGCCA,D,1
115,100,439,E7,r55,GTACATCT,2_5,CCTATCCT,rec_edit,,,,,,,rec_gyr,GTTACCCTGACCGTCTACCAG,GGCAGATTTTTTATAGGCTTTGTTCCAG,GATCGTGTCATAGAC,AGTCACCATGGGGAT,CGCCG,GGCCA,E,2
116,101,440,E8,r56,GCTCCTTG,2_5,CCTATCCT,rec_edit,,,,,,,rec_gyr,GTTACCCTGACCGTCTACCAG,GGCAGATTTTTTATAGGCTTTGTTCCAG,GATCGTGTCATAGAC,AGTCACCATGGGGAT,CGCCG,GGCCA,E,2
117,102,441,E9,r57,GAGGATGG,2_5,CCTATCCT,rec_edit,,,,,,,rec_gyr,GTTACCCTGACCGTCTACCAG,GGCAGATTTTTTATAGGCTTTGTTCCAG,GATCGTGTCATAGAC,AGTCACCATGGGGAT,CGCCG,GGCCA,E,2
118,103,442,E10,r58,GTTGTCGG,2_5,CCTATCCT,rec_edit,,,,,,,rec_gyr,GTTACCCTGACCGTCTACCAG,GGCAGATTTTTTATAGGCTTTGTTCCAG,GATCGTGTCATAGAC,AGTCACCATGGGGAT,CGCCG,GGCCA,E,2
119,104,443,E11,r59,GATAGAGG,2_5,CCTATCCT,rec_edit,,,,,,,rec_gyr,GTTACCCTGACCGTCTACCAG,GGCAGATTTTTTATAGGCTTTGTTCCAG,GATCGTGTCATAGAC,AGTCACCATGGGGAT,CGCCG,GGCCA,E,2
120,105,444,E12,r60,GTGTGTCG,2_5,CCTATCCT,rec_edit,,,,,,,rec_gyr,GTTACCCTGACCGTCTACCAG,GGCAGATTTTTTATAGGCTTTGTTCCAG,GATCGTGTCATAGAC,AGTCACCATGGGGAT,CGCCG,GGCCA,E,2
121,112,451,F7,r67,TAGCTTGT,2_5,CCTATCCT,rec_edit,,,,,,,rec_gyr,GTTACCCTGACCGTCTACCAG,GGCAGATTTTTTATAGGCTTTGTTCCAG,GATCGTGTCATAGAC,AGTCACCATGGGGAT,CGCCG,GGCCA,F,2
122,113,452,F8,r68,CGATGTTT,2_5,CCTATCCT,rec_edit,,,,,,,rec_gyr,GTTACCCTGACCGTCTACCAG,GGCAGATTTTTTATAGGCTTTGTTCCAG,GATCGTGTCATAGAC,AGTCACCATGGGGAT,CGCCG,GGCCA,F,2
123,114,453,F9,r69,GCCAATGT,2_5,CCTATCCT,rec_edit,,,,,,,rec_gyr,GTTACCCTGACCGTCTACCAG,GGCAGATTTTTTATAGGCTTTGTTCCAG,GATCGTGTCATAGAC,AGTCACCATGGGGAT,CGCCG,GGCCA,F,2
124,115,454,F10,r70,ACAGTGGT,2_5,CCTATCCT,rec_edit,,,,,,,rec_gyr,GTTACCCTGACCGTCTACCAG,GGCAGATTTTTTATAGGCTTTGTTCCAG,GATCGTGTCATAGAC,AGTCACCATGGGGAT,CGCCG,GGCCA,F,2
125,116,455,F11,r71,GATCAGCG,2_5,CCTATCCT,rec_edit,,,,,,,rec_gyr,GTTACCCTGACCGTCTACCAG,GGCAGATTTTTTATAGGCTTTGTTCCAG,GATCGTGTCATAGAC,AGTCACCATGGGGAT,CGCCG,GGCCA,F,2
126,117,456,F12,r72,CAGATCTG,2_5,CCTATCCT,rec_edit,,,,,,,rec_gyr,GTTACCCTGACCGTCTACCAG,GGCAGATTTTTTATAGGCTTTGTTCCAG,GATCGTGTCATAGAC,AGTCACCATGGGGAT,CGCCG,GGCCA,F,2
127,123,463,G7,r79,TAGTGACT,2_5,CCTATCCT,rec_edit,,,,,,,rec_gyr,GTTACCCTGACCGTCTACCAG,GGCAGATTTTTTATAGGCTTTGTTCCAG,GATCGTGTCATAGAC,AGTCACCATGGGGAT,CGCCG,GGCCA,G,2
128,124,464,G8,r80,TCCAGTCG,2_5,CCTATCCT,rec_edit,,,,,,,rec_gyr,GTTACCCTGACCGTCTACCAG,GGCAGATTTTTTATAGGCTTTGTTCCAG,GATCGTGTCATAGAC,AGTCACCATGGGGAT,CGCCG,GGCCA,G,2
129,125,465,G9,r81,TCATTGAG,2_5,CCTATCCT,rec_edit,,,,,,,rec_gyr,GTTACCCTGACCGTCTACCAG,GGCAGATTTTTTATAGGCTTTGTTCCAG,GATCGTGTCATAGAC,AGTCACCATGGGGAT,CGCCG,GGCCA,G,2
130,126,466,G10,r82,TACTAGTC,2_5,CCTATCCT,rec_edit,,,,,,,rec_gyr,GTTACCCTGACCGTCTACCAG,GGCAGATTTTTTATAGGCTTTGTTCCAG,GATCGTGTCATAGAC,AGTCACCATGGGGAT,CGCCG,GGCCA,G,2
131,127,467,G11,r83,TAGAACAC,2_5,CCTATCCT,rec_edit,,,,,,,rec_gyr,GTTACCCTGACCGTCTACCAG,GGCAGATTTTTTATAGGCTTTGTTCCAG,GATCGTGTCATAGAC,AGTCACCATGGGGAT,CGCCG,GGCCA,G,2
132,133,475,H7,r91,TTAGGCAT,2_5,CCTATCCT,rec_edit,,,,,,,rec_gyr,GTTACCCTGACCGTCTACCAG,GGCAGATTTTTTATAGGCTTTGTTCCAG,GATCGTGTCATAGAC,AGTCACCATGGGGAT,CGCCG,GGCCA,H,2
133,134,476,H8,r92,TCCTCAAT,2_5,CCTATCCT,rec_edit,,,,,,,rec_gyr,GTTACCCTGACCGTCTACCAG,GGCAGATTTTTTATAGGCTTTGTTCCAG,GATCGTGTCATAGAC,AGTCACCATGGGGAT,CGCCG,GGCCA,H,2
134,135,477,H9,r93,GATCTCTT,2_5,CCTATCCT,rec_edit,,,,,,,rec_gyr,GTTACCCTGACCGTCTACCAG,GGCAGATTTTTTATAGGCTTTGTTCCAG,GATCGTGTCATAGAC,AGTCACCATGGGGAT,CGCCG,GGCCA,H,2
135,136,478,H10,r94,GTCGCTAT,2_5,CCTATCCT,rec_edit,,,,,,,rec_gyr,GTTACCCTGACCGTCTACCAG,GGCAGATTTTTTATAGGCTTTGTTCCAG,GATCGTGTCATAGAC,AGTCACCATGGGGAT,CGCCG,GGCCA,H,2
136,137,479,H11,r95,GAGCCAAT,2_5,CCTATCCT,rec_edit,,,,,,,rec_gyr,GTTACCCTGACCGTCTACCAG,GGCAGATTTTTTATAGGCTTTGTTCCAG,GATCGTGTCATAGAC,AGTCACCATGGGGAT,CGCCG,GGCCA,H,2
