ID,plasmid,tx,desc,set,Vector_type,donor_type
a1,254,1,gfp/yfp,1,"ColE1, pL_lac0",GFP control
a2,279,2,scramble/empty,1,"ColE1, pL_lac0",Scrambled control
a3,pMS_131,3, rpoB1547A.G,1,"ColE1, pL_lac0",rpoB allele
a4,pMS_135,4,gyrA_248C_T,1,"ColE1, pL_lac0",gyrA allele
a5,pMS_271,5,lacZ_KO,1,"ColE1, pL_lac0",lacZ allele
a6,pMS_297,6,A_1714_C,1,"ColE1, pL_lac0",rpoB allele
a7,pMS_298,7,C_1721_A,1,"ColE1, pL_lac0",rpoB allele
a8,pMS_299,8,G_1546_T,1,"ColE1, pL_lac0",rpoB allele
a9,pMS_300,9,A_443_T,1,"ColE1, pL_lac0",rpoB allele
a10,pms_380,10,C_1535_T,1,"ColE1, pL_lac0",rpoB allele
a11,pms_381,11,A_1538_C,1,"ColE1, pL_lac0",rpoB allele
a12,pms_382,12,1594delete12,1,"ColE1, pL_lac0",rpoB allele
a13,pMS_137,13,gyrA_248C_T_OTHERSTRAND,1,"ColE1, pL_lac0",gyrA allele
b1,287,1,gfp/yfp,2,"Sc101, pBAD",GFP control
b2,pMS_335,2,scramble/empty,2,"Sc101, pBAD",Scrambled control
b3,pMS_324,3,rpoB1547A.G,2,"Sc101, pBAD",rpoB allele
b4,pMS_325,4,gyrA_248C_T,2,"Sc101, pBAD",gyrA allele
b5,pMS_334,5,lacZ_KO,2,"Sc101, pBAD",lacZ allele
b6,pms_377,6,A_1714_C,2,"Sc101, pBAD",rpoB allele
b7,pMS_343,7,C_1721_A,2,"Sc101, pBAD",rpoB allele
b8,pms_378,8,G_1546_T,2,"Sc101, pBAD",rpoB allele
b9,pMS_326,9,A_443_T,2,"Sc101, pBAD",rpoB allele
b10,pMS_328,10,C_1535_T,2,"Sc101, pBAD",rpoB allele
b11,pMS_329,11,A_1538_C,2,"Sc101, pBAD",rpoB allele
b12,pMS_330,12,1594delete12,2,"Sc101, pBAD",rpoB allele
b13,pMS_342,13,gyrA_248C_T_OTHERSTRAND,2,"Sc101, pBAD",gyrA allele