col,plas,desc,more_desc,cutadapt_edit_5prime,cutadapt_edit_3prime,ref,alt,cutadapt_5prime,cutadapt_3prime,adaptrset,parent,locus
1,pMS_408,murF_rev,P128_murF_TAA,ACATGTTA,TTTGGCTG,G,A,GTTCACGTAG,CTGACGTTTC,2,bMS_453,murF
999,pMS_409,pgpA_rev,P129_pgpA_TAA,CTTTCGTA,TAATACCC,G,A,AGCCATGGAC,CCTGCCATGC,2,bMS_453,pgpA
2,pMS_410,sucB_rev,P130_sucB_TAA,CTGTCGTA,TTGTGCAC,G,A,TATTTTATCG,GTTTATACGG,2,bMS_453,sucB
3,pMS_411,lolA_rev,P131_lolA_TAA,GACGTGTA,TAGTTTAA,G,A,GGGCTTCCTG,GCCTTCTCCG,2,bMS_453,lolA
4,pMS_412,lpxK_rev,P132_lpxK_TAA,CGTAAGTA,AGGCACCT,G,A,CGAAATTTAC,CGTATGCGGC,2,bMS_453,lpxK
5,pMS_413,fabH_rev,P133_fabH_TAA,GGCAACTA,TTACGCCG,G,A,AGCTTTCAGG,CCTTGCTGAT,2,bMS_453,fabH
6,pMS_414,hemA_rev,P134_hemA_TAA,CGTTTCTA,GATAAGGATT,G,A,CAGTTGGTTC,CAAACCGTTG,2,bMS_453,hemA
7,pMS_415,fliN_rev,P135_fliN_TAA,CTGGAGTA,CAGTACAT,G,A,CTTCAACAGG,CTATCGTTGC,2,bMS_453,fliN
8,pMS_416,hda_rev,P136_hda_TAA,AGCCGTTA,TGATGAAT,G,A,ATATGGCGTG,CACTCATCGC,2,bMS_453,hda
9,pMS_417,mreC_rev,P137_mreC_TAA,CACCTTAT,TACAACTT,C,T,ATGGATTAAC,CGACGCACGA,2,bMS_453,mreC
10,pMS_418,coaD_rev,P138_coaD_TAA,GCTCGCCA,TATTGCCC,C,T,GTTATCCGGC,GGCGTAGCCC,2,bMS_453,coaD
998,pMS_419,atpE_rev,P139_atpE_TAA,TTAGCGTA,CGTTTATG,G,A,GTGAAAGAGG,GCGCATGAAT,2,bMS_453,atpE