,Sample_ID,Sample_Plate,Sample_Well,expt,time_point,tx,adaptrset,parent,genotype,plas,desc,more_desc,notebook,locus,cutadapt_edit_5prime,cutadapt_edit_3prime,ref,alt,cutadapt_5prime,cutadapt_3prime,filename,reads
0,1,1,A1,H1,,1,1,bMS_453,"exo-, muts-",pMS_325,"pBad>full scribe, gyrA_248C_T (sc101-cat) no RBS",normal,H1,gyrA,GATCGTGTCATAGAC,AGTCACCATGGGGAT,CGCCG,GGCCA,GTTACCCTGACCGTCTACCAG,GGCAGATTTTTTATAGGCTTTGTTCCAG,1_S1_L001_R1_001.fastq.gz,45160.0
1,2,1,A2,H1,,1,1,bMS_453,"exo-, muts-",pMS_325,"pBad>full scribe, gyrA_248C_T (sc101-cat) no RBS",normal,H1,gyrA,GATCGTGTCATAGAC,AGTCACCATGGGGAT,CGCCG,GGCCA,GTTACCCTGACCGTCTACCAG,GGCAGATTTTTTATAGGCTTTGTTCCAG,2_S2_L001_R1_001.fastq.gz,47461.0
2,3,1,A3,H1,,1,1,bMS_453,"exo-, muts-",pMS_325,"pBad>full scribe, gyrA_248C_T (sc101-cat) no RBS",normal,H1,gyrA,GATCGTGTCATAGAC,AGTCACCATGGGGAT,CGCCG,GGCCA,GTTACCCTGACCGTCTACCAG,GGCAGATTTTTTATAGGCTTTGTTCCAG,3_S3_L001_R1_001.fastq.gz,66375.0
3,4,1,A4,H1,,1,1,bMS_453,"exo-, muts-",pMS_325,"pBad>full scribe, gyrA_248C_T (sc101-cat) no RBS",normal,H1,gyrA,GATCGTGTCATAGAC,AGTCACCATGGGGAT,CGCCG,GGCCA,GTTACCCTGACCGTCTACCAG,GGCAGATTTTTTATAGGCTTTGTTCCAG,4_S4_L001_R1_001.fastq.gz,49608.0
4,5,1,A5,H1,,1,1,bMS_453,"exo-, muts-",pMS_325,"pBad>full scribe, gyrA_248C_T (sc101-cat) no RBS",normal,H1,gyrA,GATCGTGTCATAGAC,AGTCACCATGGGGAT,CGCCG,GGCCA,GTTACCCTGACCGTCTACCAG,GGCAGATTTTTTATAGGCTTTGTTCCAG,5_S5_L001_R1_001.fastq.gz,56533.0
5,6,1,A6,H1,,1,1,bMS_453,"exo-, muts-",pMS_325,"pBad>full scribe, gyrA_248C_T (sc101-cat) no RBS",normal,H1,gyrA,GATCGTGTCATAGAC,AGTCACCATGGGGAT,CGCCG,GGCCA,GTTACCCTGACCGTCTACCAG,GGCAGATTTTTTATAGGCTTTGTTCCAG,6_S6_L001_R1_001.fastq.gz,67909.0
6,7,1,A7,H1,,1,1,bMS_453,"exo-, muts-",pMS_325,"pBad>full scribe, gyrA_248C_T (sc101-cat) no RBS",normal,H1,gyrA,GATCGTGTCATAGAC,AGTCACCATGGGGAT,CGCCG,GGCCA,GTTACCCTGACCGTCTACCAG,GGCAGATTTTTTATAGGCTTTGTTCCAG,7_S7_L001_R1_001.fastq.gz,56408.0
7,8,1,A8,H1,,1,1,bMS_453,"exo-, muts-",pMS_325,"pBad>full scribe, gyrA_248C_T (sc101-cat) no RBS",normal,H1,gyrA,GATCGTGTCATAGAC,AGTCACCATGGGGAT,CGCCG,GGCCA,GTTACCCTGACCGTCTACCAG,GGCAGATTTTTTATAGGCTTTGTTCCAG,8_S8_L001_R1_001.fastq.gz,47960.0
8,9,1,B1,H1,,2,1,bMS_453,"exo-, muts-",pMS_337,"pBad>full scribe, gyrA_248C_T (sc101-cat) no RBS, dRT",dRT,H1,gyrA,GATCGTGTCATAGAC,AGTCACCATGGGGAT,CGCCG,GGCCA,GTTACCCTGACCGTCTACCAG,GGCAGATTTTTTATAGGCTTTGTTCCAG,9_S9_L001_R1_001.fastq.gz,47400.0
9,10,1,B2,H1,,2,1,bMS_453,"exo-, muts-",pMS_337,"pBad>full scribe, gyrA_248C_T (sc101-cat) no RBS, dRT",dRT,H1,gyrA,GATCGTGTCATAGAC,AGTCACCATGGGGAT,CGCCG,GGCCA,GTTACCCTGACCGTCTACCAG,GGCAGATTTTTTATAGGCTTTGTTCCAG,10_S10_L001_R1_001.fastq.gz,38795.0
10,11,1,B3,H1,,2,1,bMS_453,"exo-, muts-",pMS_337,"pBad>full scribe, gyrA_248C_T (sc101-cat) no RBS, dRT",dRT,H1,gyrA,GATCGTGTCATAGAC,AGTCACCATGGGGAT,CGCCG,GGCCA,GTTACCCTGACCGTCTACCAG,GGCAGATTTTTTATAGGCTTTGTTCCAG,11_S11_L001_R1_001.fastq.gz,46312.0
11,12,1,B4,H1,,2,1,bMS_453,"exo-, muts-",pMS_337,"pBad>full scribe, gyrA_248C_T (sc101-cat) no RBS, dRT",dRT,H1,gyrA,GATCGTGTCATAGAC,AGTCACCATGGGGAT,CGCCG,GGCCA,GTTACCCTGACCGTCTACCAG,GGCAGATTTTTTATAGGCTTTGTTCCAG,12_S12_L001_R1_001.fastq.gz,40773.0
12,13,1,B5,H1,,2,1,bMS_453,"exo-, muts-",pMS_337,"pBad>full scribe, gyrA_248C_T (sc101-cat) no RBS, dRT",dRT,H1,gyrA,GATCGTGTCATAGAC,AGTCACCATGGGGAT,CGCCG,GGCCA,GTTACCCTGACCGTCTACCAG,GGCAGATTTTTTATAGGCTTTGTTCCAG,13_S13_L001_R1_001.fastq.gz,34201.0
13,14,1,B6,H1,,2,1,bMS_453,"exo-, muts-",pMS_337,"pBad>full scribe, gyrA_248C_T (sc101-cat) no RBS, dRT",dRT,H1,gyrA,GATCGTGTCATAGAC,AGTCACCATGGGGAT,CGCCG,GGCCA,GTTACCCTGACCGTCTACCAG,GGCAGATTTTTTATAGGCTTTGTTCCAG,14_S14_L001_R1_001.fastq.gz,39226.0
14,15,1,B7,H1,,2,1,bMS_453,"exo-, muts-",pMS_337,"pBad>full scribe, gyrA_248C_T (sc101-cat) no RBS, dRT",dRT,H1,gyrA,GATCGTGTCATAGAC,AGTCACCATGGGGAT,CGCCG,GGCCA,GTTACCCTGACCGTCTACCAG,GGCAGATTTTTTATAGGCTTTGTTCCAG,15_S15_L001_R1_001.fastq.gz,36530.0
15,16,1,B8,H1,,2,1,bMS_453,"exo-, muts-",pMS_337,"pBad>full scribe, gyrA_248C_T (sc101-cat) no RBS, dRT",dRT,H1,gyrA,GATCGTGTCATAGAC,AGTCACCATGGGGAT,CGCCG,GGCCA,GTTACCCTGACCGTCTACCAG,GGCAGATTTTTTATAGGCTTTGTTCCAG,16_S16_L001_R1_001.fastq.gz,30232.0
16,17,1,C1,H1,,3,1,bMS_453,"exo-, muts-",pMS_342,pBAD>gyrA_248C_T OTHERSTRAND SCRIBE plasmid,rc,H1,gyrA,GATCGTGTCATAGAC,AGTCACCATGGGGAT,CGCCG,GGCCA,GTTACCCTGACCGTCTACCAG,GGCAGATTTTTTATAGGCTTTGTTCCAG,17_S17_L001_R1_001.fastq.gz,42134.0
17,18,1,C2,H1,,3,1,bMS_453,"exo-, muts-",pMS_342,pBAD>gyrA_248C_T OTHERSTRAND SCRIBE plasmid,rc,H1,gyrA,GATCGTGTCATAGAC,AGTCACCATGGGGAT,CGCCG,GGCCA,GTTACCCTGACCGTCTACCAG,GGCAGATTTTTTATAGGCTTTGTTCCAG,18_S18_L001_R1_001.fastq.gz,53538.0
18,19,1,C3,H1,,3,1,bMS_453,"exo-, muts-",pMS_342,pBAD>gyrA_248C_T OTHERSTRAND SCRIBE plasmid,rc,H1,gyrA,GATCGTGTCATAGAC,AGTCACCATGGGGAT,CGCCG,GGCCA,GTTACCCTGACCGTCTACCAG,GGCAGATTTTTTATAGGCTTTGTTCCAG,19_S19_L001_R1_001.fastq.gz,44906.0
19,20,1,C4,H1,,3,1,bMS_453,"exo-, muts-",pMS_342,pBAD>gyrA_248C_T OTHERSTRAND SCRIBE plasmid,rc,H1,gyrA,GATCGTGTCATAGAC,AGTCACCATGGGGAT,CGCCG,GGCCA,GTTACCCTGACCGTCTACCAG,GGCAGATTTTTTATAGGCTTTGTTCCAG,20_S20_L001_R1_001.fastq.gz,43758.0
20,21,1,C5,H1,,3,1,bMS_453,"exo-, muts-",pMS_342,pBAD>gyrA_248C_T OTHERSTRAND SCRIBE plasmid,rc,H1,gyrA,GATCGTGTCATAGAC,AGTCACCATGGGGAT,CGCCG,GGCCA,GTTACCCTGACCGTCTACCAG,GGCAGATTTTTTATAGGCTTTGTTCCAG,21_S21_L001_R1_001.fastq.gz,41883.0
21,22,1,C6,H1,,3,1,bMS_453,"exo-, muts-",pMS_342,pBAD>gyrA_248C_T OTHERSTRAND SCRIBE plasmid,rc,H1,gyrA,GATCGTGTCATAGAC,AGTCACCATGGGGAT,CGCCG,GGCCA,GTTACCCTGACCGTCTACCAG,GGCAGATTTTTTATAGGCTTTGTTCCAG,22_S22_L001_R1_001.fastq.gz,39365.0
22,23,1,C7,H1,,3,1,bMS_453,"exo-, muts-",pMS_342,pBAD>gyrA_248C_T OTHERSTRAND SCRIBE plasmid,rc,H1,gyrA,GATCGTGTCATAGAC,AGTCACCATGGGGAT,CGCCG,GGCCA,GTTACCCTGACCGTCTACCAG,GGCAGATTTTTTATAGGCTTTGTTCCAG,23_S23_L001_R1_001.fastq.gz,44908.0
23,24,1,C8,H1,,3,1,bMS_453,"exo-, muts-",pMS_342,pBAD>gyrA_248C_T OTHERSTRAND SCRIBE plasmid,rc,H1,gyrA,GATCGTGTCATAGAC,AGTCACCATGGGGAT,CGCCG,GGCCA,GTTACCCTGACCGTCTACCAG,GGCAGATTTTTTATAGGCTTTGTTCCAG,24_S24_L001_R1_001.fastq.gz,39585.0
24,25,1,D1,H1,,4,1,bMS_453,"exo-, muts-",pMS_341,"gyrA-otherstrand, dRT","rc, drt",H1,gyrA,GATCGTGTCATAGAC,AGTCACCATGGGGAT,CGCCG,GGCCA,GTTACCCTGACCGTCTACCAG,GGCAGATTTTTTATAGGCTTTGTTCCAG,25_S25_L001_R1_001.fastq.gz,41283.0
25,26,1,D2,H1,,4,1,bMS_453,"exo-, muts-",pMS_341,"gyrA-otherstrand, dRT","rc, drt",H1,gyrA,GATCGTGTCATAGAC,AGTCACCATGGGGAT,CGCCG,GGCCA,GTTACCCTGACCGTCTACCAG,GGCAGATTTTTTATAGGCTTTGTTCCAG,26_S26_L001_R1_001.fastq.gz,44190.0
26,27,1,D3,H1,,4,1,bMS_453,"exo-, muts-",pMS_341,"gyrA-otherstrand, dRT","rc, drt",H1,gyrA,GATCGTGTCATAGAC,AGTCACCATGGGGAT,CGCCG,GGCCA,GTTACCCTGACCGTCTACCAG,GGCAGATTTTTTATAGGCTTTGTTCCAG,27_S27_L001_R1_001.fastq.gz,36777.0
27,28,1,D4,H1,,4,1,bMS_453,"exo-, muts-",pMS_341,"gyrA-otherstrand, dRT","rc, drt",H1,gyrA,GATCGTGTCATAGAC,AGTCACCATGGGGAT,CGCCG,GGCCA,GTTACCCTGACCGTCTACCAG,GGCAGATTTTTTATAGGCTTTGTTCCAG,28_S28_L001_R1_001.fastq.gz,52209.0
28,29,1,D5,H1,,4,1,bMS_453,"exo-, muts-",pMS_341,"gyrA-otherstrand, dRT","rc, drt",H1,gyrA,GATCGTGTCATAGAC,AGTCACCATGGGGAT,CGCCG,GGCCA,GTTACCCTGACCGTCTACCAG,GGCAGATTTTTTATAGGCTTTGTTCCAG,29_S29_L001_R1_001.fastq.gz,58262.0
29,30,1,D6,H1,,4,1,bMS_453,"exo-, muts-",pMS_341,"gyrA-otherstrand, dRT","rc, drt",H1,gyrA,GATCGTGTCATAGAC,AGTCACCATGGGGAT,CGCCG,GGCCA,GTTACCCTGACCGTCTACCAG,GGCAGATTTTTTATAGGCTTTGTTCCAG,30_S30_L001_R1_001.fastq.gz,42580.0
30,31,1,D7,H1,,4,1,bMS_453,"exo-, muts-",pMS_341,"gyrA-otherstrand, dRT","rc, drt",H1,gyrA,GATCGTGTCATAGAC,AGTCACCATGGGGAT,CGCCG,GGCCA,GTTACCCTGACCGTCTACCAG,GGCAGATTTTTTATAGGCTTTGTTCCAG,31_S31_L001_R1_001.fastq.gz,57323.0
31,32,1,D8,H1,,4,1,bMS_453,"exo-, muts-",pMS_341,"gyrA-otherstrand, dRT","rc, drt",H1,gyrA,GATCGTGTCATAGAC,AGTCACCATGGGGAT,CGCCG,GGCCA,GTTACCCTGACCGTCTACCAG,GGCAGATTTTTTATAGGCTTTGTTCCAG,32_S32_L001_R1_001.fastq.gz,58515.0
32,33,1,E1,H1,,5,1,bMS_453,"exo-, muts-",pMS_284,pBad>ec.86(90-mer gyrA) (sc101-cat),no beta,H1,gyrA,GATCGTGTCATAGAC,AGTCACCATGGGGAT,CGCCG,GGCCA,GTTACCCTGACCGTCTACCAG,GGCAGATTTTTTATAGGCTTTGTTCCAG,33_S33_L001_R1_001.fastq.gz,42746.0
33,34,1,E2,H1,,5,1,bMS_453,"exo-, muts-",pMS_284,pBad>ec.86(90-mer gyrA) (sc101-cat),no beta,H1,gyrA,GATCGTGTCATAGAC,AGTCACCATGGGGAT,CGCCG,GGCCA,GTTACCCTGACCGTCTACCAG,GGCAGATTTTTTATAGGCTTTGTTCCAG,34_S34_L001_R1_001.fastq.gz,39391.0
34,35,1,E3,H1,,5,1,bMS_453,"exo-, muts-",pMS_284,pBad>ec.86(90-mer gyrA) (sc101-cat),no beta,H1,gyrA,GATCGTGTCATAGAC,AGTCACCATGGGGAT,CGCCG,GGCCA,GTTACCCTGACCGTCTACCAG,GGCAGATTTTTTATAGGCTTTGTTCCAG,35_S35_L001_R1_001.fastq.gz,43098.0
35,36,1,E4,H1,,5,1,bMS_453,"exo-, muts-",pMS_284,pBad>ec.86(90-mer gyrA) (sc101-cat),no beta,H1,gyrA,GATCGTGTCATAGAC,AGTCACCATGGGGAT,CGCCG,GGCCA,GTTACCCTGACCGTCTACCAG,GGCAGATTTTTTATAGGCTTTGTTCCAG,36_S36_L001_R1_001.fastq.gz,45882.0
36,37,1,E5,H1,,5,1,bMS_453,"exo-, muts-",pMS_284,pBad>ec.86(90-mer gyrA) (sc101-cat),no beta,H1,gyrA,GATCGTGTCATAGAC,AGTCACCATGGGGAT,CGCCG,GGCCA,GTTACCCTGACCGTCTACCAG,GGCAGATTTTTTATAGGCTTTGTTCCAG,37_S37_L001_R1_001.fastq.gz,45477.0
37,38,1,E6,H1,,5,1,bMS_453,"exo-, muts-",pMS_284,pBad>ec.86(90-mer gyrA) (sc101-cat),no beta,H1,gyrA,GATCGTGTCATAGAC,AGTCACCATGGGGAT,CGCCG,GGCCA,GTTACCCTGACCGTCTACCAG,GGCAGATTTTTTATAGGCTTTGTTCCAG,38_S38_L001_R1_001.fastq.gz,42618.0
38,39,1,E7,H1,,5,1,bMS_453,"exo-, muts-",pMS_284,pBad>ec.86(90-mer gyrA) (sc101-cat),no beta,H1,gyrA,GATCGTGTCATAGAC,AGTCACCATGGGGAT,CGCCG,GGCCA,GTTACCCTGACCGTCTACCAG,GGCAGATTTTTTATAGGCTTTGTTCCAG,39_S39_L001_R1_001.fastq.gz,45670.0
39,40,1,E8,H1,,5,1,bMS_453,"exo-, muts-",pMS_284,pBad>ec.86(90-mer gyrA) (sc101-cat),no beta,H1,gyrA,GATCGTGTCATAGAC,AGTCACCATGGGGAT,CGCCG,GGCCA,GTTACCCTGACCGTCTACCAG,GGCAGATTTTTTATAGGCTTTGTTCCAG,40_S40_L001_R1_001.fastq.gz,45931.0
40,41,1,F1,H1,,6,1,bMS_453,"exo-, muts-",pMS_287,pBad>sf.gfp (sc101-cat),gfp neg control,H1,gyrA,GATCGTGTCATAGAC,AGTCACCATGGGGAT,CGCCG,GGCCA,GTTACCCTGACCGTCTACCAG,GGCAGATTTTTTATAGGCTTTGTTCCAG,41_S41_L001_R1_001.fastq.gz,47229.0
41,42,1,F2,H1,,6,1,bMS_453,"exo-, muts-",pMS_287,pBad>sf.gfp (sc101-cat),gfp neg control,H1,gyrA,GATCGTGTCATAGAC,AGTCACCATGGGGAT,CGCCG,GGCCA,GTTACCCTGACCGTCTACCAG,GGCAGATTTTTTATAGGCTTTGTTCCAG,42_S42_L001_R1_001.fastq.gz,53063.0
42,43,1,F3,H1,,6,1,bMS_453,"exo-, muts-",pMS_287,pBad>sf.gfp (sc101-cat),gfp neg control,H1,gyrA,GATCGTGTCATAGAC,AGTCACCATGGGGAT,CGCCG,GGCCA,GTTACCCTGACCGTCTACCAG,GGCAGATTTTTTATAGGCTTTGTTCCAG,43_S43_L001_R1_001.fastq.gz,60346.0
43,44,1,F4,H1,,6,1,bMS_453,"exo-, muts-",pMS_287,pBad>sf.gfp (sc101-cat),gfp neg control,H1,gyrA,GATCGTGTCATAGAC,AGTCACCATGGGGAT,CGCCG,GGCCA,GTTACCCTGACCGTCTACCAG,GGCAGATTTTTTATAGGCTTTGTTCCAG,44_S44_L001_R1_001.fastq.gz,55440.0
44,45,1,F5,H1,,6,1,bMS_453,"exo-, muts-",pMS_287,pBad>sf.gfp (sc101-cat),gfp neg control,H1,gyrA,GATCGTGTCATAGAC,AGTCACCATGGGGAT,CGCCG,GGCCA,GTTACCCTGACCGTCTACCAG,GGCAGATTTTTTATAGGCTTTGTTCCAG,45_S45_L001_R1_001.fastq.gz,55226.0
45,46,1,F6,H1,,6,1,bMS_453,"exo-, muts-",pMS_287,pBad>sf.gfp (sc101-cat),gfp neg control,H1,gyrA,GATCGTGTCATAGAC,AGTCACCATGGGGAT,CGCCG,GGCCA,GTTACCCTGACCGTCTACCAG,GGCAGATTTTTTATAGGCTTTGTTCCAG,46_S46_L001_R1_001.fastq.gz,42069.0
46,47,1,F7,H1,,6,1,bMS_453,"exo-, muts-",pMS_287,pBad>sf.gfp (sc101-cat),gfp neg control,H1,gyrA,GATCGTGTCATAGAC,AGTCACCATGGGGAT,CGCCG,GGCCA,GTTACCCTGACCGTCTACCAG,GGCAGATTTTTTATAGGCTTTGTTCCAG,47_S47_L001_R1_001.fastq.gz,43839.0
47,48,1,F8,H1,,6,1,bMS_453,"exo-, muts-",pMS_287,pBad>sf.gfp (sc101-cat),gfp neg control,H1,gyrA,GATCGTGTCATAGAC,AGTCACCATGGGGAT,CGCCG,GGCCA,GTTACCCTGACCGTCTACCAG,GGCAGATTTTTTATAGGCTTTGTTCCAG,48_S48_L001_R1_001.fastq.gz,49768.0
48,49,1,G1,H7,,8,1,bMS_453,"exo-, muts-",pMS_369,PF020_gyr,PF020,H7,gyrA,GATCGTGTCATAGAC,AGTCACCATGGGGAT,CGCCG,GGCCA,GTTACCCTGACCGTCTACCAG,GGCAGATTTTTTATAGGCTTTGTTCCAG,49_S49_L001_R1_001.fastq.gz,27406.0
49,50,1,G2,H7,,8,1,bMS_453,"exo-, muts-",pMS_369,PF020_gyr,PF020,H7,gyrA,GATCGTGTCATAGAC,AGTCACCATGGGGAT,CGCCG,GGCCA,GTTACCCTGACCGTCTACCAG,GGCAGATTTTTTATAGGCTTTGTTCCAG,50_S50_L001_R1_001.fastq.gz,42043.0
50,51,1,G3,H7,,8,1,bMS_453,"exo-, muts-",pMS_369,PF020_gyr,PF020,H7,gyrA,GATCGTGTCATAGAC,AGTCACCATGGGGAT,CGCCG,GGCCA,GTTACCCTGACCGTCTACCAG,GGCAGATTTTTTATAGGCTTTGTTCCAG,51_S51_L001_R1_001.fastq.gz,38839.0
51,52,1,G4,H7,,8,1,bMS_453,"exo-, muts-",pMS_369,PF020_gyr,PF020,H7,gyrA,GATCGTGTCATAGAC,AGTCACCATGGGGAT,CGCCG,GGCCA,GTTACCCTGACCGTCTACCAG,GGCAGATTTTTTATAGGCTTTGTTCCAG,52_S52_L001_R1_001.fastq.gz,43476.0
52,53,1,G5,H7,,8,1,bMS_453,"exo-, muts-",pMS_369,PF020_gyr,PF020,H7,gyrA,GATCGTGTCATAGAC,AGTCACCATGGGGAT,CGCCG,GGCCA,GTTACCCTGACCGTCTACCAG,GGCAGATTTTTTATAGGCTTTGTTCCAG,53_S53_L001_R1_001.fastq.gz,56568.0
53,54,1,G6,H7,,8,1,bMS_453,"exo-, muts-",pMS_369,PF020_gyr,PF020,H7,gyrA,GATCGTGTCATAGAC,AGTCACCATGGGGAT,CGCCG,GGCCA,GTTACCCTGACCGTCTACCAG,GGCAGATTTTTTATAGGCTTTGTTCCAG,54_S54_L001_R1_001.fastq.gz,55355.0
54,55,1,G7,H7,,8,1,bMS_453,"exo-, muts-",pMS_369,PF020_gyr,PF020,H7,gyrA,GATCGTGTCATAGAC,AGTCACCATGGGGAT,CGCCG,GGCCA,GTTACCCTGACCGTCTACCAG,GGCAGATTTTTTATAGGCTTTGTTCCAG,55_S55_L001_R1_001.fastq.gz,72766.0
55,56,1,G8,H7,,8,1,bMS_453,"exo-, muts-",pMS_369,PF020_gyr,PF020,H7,gyrA,GATCGTGTCATAGAC,AGTCACCATGGGGAT,CGCCG,GGCCA,GTTACCCTGACCGTCTACCAG,GGCAGATTTTTTATAGGCTTTGTTCCAG,56_S56_L001_R1_001.fastq.gz,50829.0
56,57,1,H1,H7,,7,1,bMS_453,"exo-, muts-",pMS_366,PF020_rif,PF020,H7,rpoB,TCAGTTTATG,CAGAACAACC,GAC,GGC,CTGATGCCACAGGATATGATCAACG,CAAACGTCGTATCTCCGCACTC,57_S57_L001_R1_001.fastq.gz,65502.0
57,58,1,H2,H7,,7,1,bMS_453,"exo-, muts-",pMS_366,PF020_rif,PF020,H7,rpoB,TCAGTTTATG,CAGAACAACC,GAC,GGC,CTGATGCCACAGGATATGATCAACG,CAAACGTCGTATCTCCGCACTC,58_S58_L001_R1_001.fastq.gz,70557.0
58,59,1,H3,H7,,7,1,bMS_453,"exo-, muts-",pMS_366,PF020_rif,PF020,H7,rpoB,TCAGTTTATG,CAGAACAACC,GAC,GGC,CTGATGCCACAGGATATGATCAACG,CAAACGTCGTATCTCCGCACTC,59_S59_L001_R1_001.fastq.gz,61978.0
59,60,1,H4,H7,,7,1,bMS_453,"exo-, muts-",pMS_366,PF020_rif,PF020,H7,rpoB,TCAGTTTATG,CAGAACAACC,GAC,GGC,CTGATGCCACAGGATATGATCAACG,CAAACGTCGTATCTCCGCACTC,60_S60_L001_R1_001.fastq.gz,75983.0
60,61,1,H5,H7,,7,1,bMS_453,"exo-, muts-",pMS_366,PF020_rif,PF020,H7,rpoB,TCAGTTTATG,CAGAACAACC,GAC,GGC,CTGATGCCACAGGATATGATCAACG,CAAACGTCGTATCTCCGCACTC,61_S61_L001_R1_001.fastq.gz,73468.0
61,62,1,H6,H7,,7,1,bMS_453,"exo-, muts-",pMS_366,PF020_rif,PF020,H7,rpoB,TCAGTTTATG,CAGAACAACC,GAC,GGC,CTGATGCCACAGGATATGATCAACG,CAAACGTCGTATCTCCGCACTC,62_S62_L001_R1_001.fastq.gz,68054.0
62,63,1,H7,H7,,7,1,bMS_453,"exo-, muts-",pMS_366,PF020_rif,PF020,H7,rpoB,TCAGTTTATG,CAGAACAACC,GAC,GGC,CTGATGCCACAGGATATGATCAACG,CAAACGTCGTATCTCCGCACTC,63_S63_L001_R1_001.fastq.gz,70191.0
63,64,1,H8,H7,,7,1,bMS_453,"exo-, muts-",pMS_366,PF020_rif,PF020,H7,rpoB,TCAGTTTATG,CAGAACAACC,GAC,GGC,CTGATGCCACAGGATATGATCAACG,CAAACGTCGTATCTCCGCACTC,64_S64_L001_R1_001.fastq.gz,92180.0
64,65,2,A5,H7,,10,1,bMS_446,muts-,pMS_366,PF020_rif,PF020,H7,rpoB,TCAGTTTATG,CAGAACAACC,GAC,GGC,CTGATGCCACAGGATATGATCAACG,CAAACGTCGTATCTCCGCACTC,65_S65_L001_R1_001.fastq.gz,76818.0
65,73,2,B5,H7,,10,1,bMS_446,muts-,pMS_366,PF020_rif,PF020,H7,rpoB,TCAGTTTATG,CAGAACAACC,GAC,GGC,CTGATGCCACAGGATATGATCAACG,CAAACGTCGTATCTCCGCACTC,73_S73_L001_R1_001.fastq.gz,66788.0
66,81,2,C5,H7,,10,1,bMS_446,muts-,pMS_366,PF020_rif,PF020,H7,rpoB,TCAGTTTATG,CAGAACAACC,GAC,GGC,CTGATGCCACAGGATATGATCAACG,CAAACGTCGTATCTCCGCACTC,81_S81_L001_R1_001.fastq.gz,61484.0
67,89,2,D5,H7,,10,1,bMS_446,muts-,pMS_366,PF020_rif,PF020,H7,rpoB,TCAGTTTATG,CAGAACAACC,GAC,GGC,CTGATGCCACAGGATATGATCAACG,CAAACGTCGTATCTCCGCACTC,89_S89_L001_R1_001.fastq.gz,77805.0
68,97,2,E5,H7,,10,1,bMS_446,muts-,pMS_366,PF020_rif,PF020,H7,rpoB,TCAGTTTATG,CAGAACAACC,GAC,GGC,CTGATGCCACAGGATATGATCAACG,CAAACGTCGTATCTCCGCACTC,97_S97_L001_R1_001.fastq.gz,69896.0
69,105,2,F5,H7,,10,1,bMS_446,muts-,pMS_366,PF020_rif,PF020,H7,rpoB,TCAGTTTATG,CAGAACAACC,GAC,GGC,CTGATGCCACAGGATATGATCAACG,CAAACGTCGTATCTCCGCACTC,105_S105_L001_R1_001.fastq.gz,79242.0
70,113,2,G5,H7,,10,1,bMS_446,muts-,pMS_366,PF020_rif,PF020,H7,rpoB,TCAGTTTATG,CAGAACAACC,GAC,GGC,CTGATGCCACAGGATATGATCAACG,CAAACGTCGTATCTCCGCACTC,113_S113_L001_R1_001.fastq.gz,65669.0
71,121,2,H5,H7,,10,1,bMS_446,muts-,pMS_366,PF020_rif,PF020,H7,rpoB,TCAGTTTATG,CAGAACAACC,GAC,GGC,CTGATGCCACAGGATATGATCAACG,CAAACGTCGTATCTCCGCACTC,121_S121_L001_R1_001.fastq.gz,83827.0
72,66,2,A6,H7,,11,1,bMS_446,muts-,pMS_369,PF020_gyr,PF020,H7,gyrA,GATCGTGTCATAGAC,AGTCACCATGGGGAT,CGCCG,GGCCA,GTTACCCTGACCGTCTACCAG,GGCAGATTTTTTATAGGCTTTGTTCCAG,66_S66_L001_R1_001.fastq.gz,56371.0
73,74,2,B6,H7,,11,1,bMS_446,muts-,pMS_369,PF020_gyr,PF020,H7,gyrA,GATCGTGTCATAGAC,AGTCACCATGGGGAT,CGCCG,GGCCA,GTTACCCTGACCGTCTACCAG,GGCAGATTTTTTATAGGCTTTGTTCCAG,74_S74_L001_R1_001.fastq.gz,51028.0
74,82,2,C6,H7,,11,1,bMS_446,muts-,pMS_369,PF020_gyr,PF020,H7,gyrA,GATCGTGTCATAGAC,AGTCACCATGGGGAT,CGCCG,GGCCA,GTTACCCTGACCGTCTACCAG,GGCAGATTTTTTATAGGCTTTGTTCCAG,82_S82_L001_R1_001.fastq.gz,44758.0
75,90,2,D6,H7,,11,1,bMS_446,muts-,pMS_369,PF020_gyr,PF020,H7,gyrA,GATCGTGTCATAGAC,AGTCACCATGGGGAT,CGCCG,GGCCA,GTTACCCTGACCGTCTACCAG,GGCAGATTTTTTATAGGCTTTGTTCCAG,90_S90_L001_R1_001.fastq.gz,57516.0
76,98,2,E6,H7,,11,1,bMS_446,muts-,pMS_369,PF020_gyr,PF020,H7,gyrA,GATCGTGTCATAGAC,AGTCACCATGGGGAT,CGCCG,GGCCA,GTTACCCTGACCGTCTACCAG,GGCAGATTTTTTATAGGCTTTGTTCCAG,98_S98_L001_R1_001.fastq.gz,63047.0
77,106,2,F6,H7,,11,1,bMS_446,muts-,pMS_369,PF020_gyr,PF020,H7,gyrA,GATCGTGTCATAGAC,AGTCACCATGGGGAT,CGCCG,GGCCA,GTTACCCTGACCGTCTACCAG,GGCAGATTTTTTATAGGCTTTGTTCCAG,106_S106_L001_R1_001.fastq.gz,61903.0
78,114,2,G6,H7,,11,1,bMS_446,muts-,pMS_369,PF020_gyr,PF020,H7,gyrA,GATCGTGTCATAGAC,AGTCACCATGGGGAT,CGCCG,GGCCA,GTTACCCTGACCGTCTACCAG,GGCAGATTTTTTATAGGCTTTGTTCCAG,114_S114_L001_R1_001.fastq.gz,49682.0
79,122,2,H6,H7,,11,1,bMS_446,muts-,pMS_369,PF020_gyr,PF020,H7,gyrA,GATCGTGTCATAGAC,AGTCACCATGGGGAT,CGCCG,GGCCA,GTTACCCTGACCGTCTACCAG,GGCAGATTTTTTATAGGCTTTGTTCCAG,122_S122_L001_R1_001.fastq.gz,53323.0
80,67,2,A7,H7,,14,1,bMS_504,sbcB-,pMS_366,PF020_rif,PF020,H7,rpoB,TCAGTTTATG,CAGAACAACC,GAC,GGC,CTGATGCCACAGGATATGATCAACG,CAAACGTCGTATCTCCGCACTC,67_S67_L001_R1_001.fastq.gz,54620.0
81,75,2,B7,H7,,14,1,bMS_504,sbcB-,pMS_366,PF020_rif,PF020,H7,rpoB,TCAGTTTATG,CAGAACAACC,GAC,GGC,CTGATGCCACAGGATATGATCAACG,CAAACGTCGTATCTCCGCACTC,75_S75_L001_R1_001.fastq.gz,38560.0
82,83,2,C7,H7,,14,1,bMS_504,sbcB-,pMS_366,PF020_rif,PF020,H7,rpoB,TCAGTTTATG,CAGAACAACC,GAC,GGC,CTGATGCCACAGGATATGATCAACG,CAAACGTCGTATCTCCGCACTC,83_S83_L001_R1_001.fastq.gz,33635.0
83,91,2,D7,H7,,14,1,bMS_504,sbcB-,pMS_366,PF020_rif,PF020,H7,rpoB,TCAGTTTATG,CAGAACAACC,GAC,GGC,CTGATGCCACAGGATATGATCAACG,CAAACGTCGTATCTCCGCACTC,91_S91_L001_R1_001.fastq.gz,53725.0
84,99,2,E7,H7,,14,1,bMS_504,sbcB-,pMS_366,PF020_rif,PF020,H7,rpoB,TCAGTTTATG,CAGAACAACC,GAC,GGC,CTGATGCCACAGGATATGATCAACG,CAAACGTCGTATCTCCGCACTC,99_S99_L001_R1_001.fastq.gz,56861.0
85,107,2,F7,H7,,14,1,bMS_504,sbcB-,pMS_366,PF020_rif,PF020,H7,rpoB,TCAGTTTATG,CAGAACAACC,GAC,GGC,CTGATGCCACAGGATATGATCAACG,CAAACGTCGTATCTCCGCACTC,107_S107_L001_R1_001.fastq.gz,52005.0
86,115,2,G7,H7,,14,1,bMS_504,sbcB-,pMS_366,PF020_rif,PF020,H7,rpoB,TCAGTTTATG,CAGAACAACC,GAC,GGC,CTGATGCCACAGGATATGATCAACG,CAAACGTCGTATCTCCGCACTC,115_S115_L001_R1_001.fastq.gz,42575.0
87,123,2,H7,H7,,14,1,bMS_504,sbcB-,pMS_366,PF020_rif,PF020,H7,rpoB,TCAGTTTATG,CAGAACAACC,GAC,GGC,CTGATGCCACAGGATATGATCAACG,CAAACGTCGTATCTCCGCACTC,123_S123_L001_R1_001.fastq.gz,59966.0
88,68,2,A8,H7,,15,1,bMS_504,sbcB-,pMS_369,PF020_gyr,PF020,H7,gyrA,GATCGTGTCATAGAC,AGTCACCATGGGGAT,CGCCG,GGCCA,GTTACCCTGACCGTCTACCAG,GGCAGATTTTTTATAGGCTTTGTTCCAG,68_S68_L001_R1_001.fastq.gz,26071.0
89,76,2,B8,H7,,15,1,bMS_504,sbcB-,pMS_369,PF020_gyr,PF020,H7,gyrA,GATCGTGTCATAGAC,AGTCACCATGGGGAT,CGCCG,GGCCA,GTTACCCTGACCGTCTACCAG,GGCAGATTTTTTATAGGCTTTGTTCCAG,76_S76_L001_R1_001.fastq.gz,26102.0
90,84,2,C8,H7,,15,1,bMS_504,sbcB-,pMS_369,PF020_gyr,PF020,H7,gyrA,GATCGTGTCATAGAC,AGTCACCATGGGGAT,CGCCG,GGCCA,GTTACCCTGACCGTCTACCAG,GGCAGATTTTTTATAGGCTTTGTTCCAG,84_S84_L001_R1_001.fastq.gz,33879.0
91,92,2,D8,H7,,15,1,bMS_504,sbcB-,pMS_369,PF020_gyr,PF020,H7,gyrA,GATCGTGTCATAGAC,AGTCACCATGGGGAT,CGCCG,GGCCA,GTTACCCTGACCGTCTACCAG,GGCAGATTTTTTATAGGCTTTGTTCCAG,92_S92_L001_R1_001.fastq.gz,41354.0
92,100,2,E8,H7,,15,1,bMS_504,sbcB-,pMS_369,PF020_gyr,PF020,H7,gyrA,GATCGTGTCATAGAC,AGTCACCATGGGGAT,CGCCG,GGCCA,GTTACCCTGACCGTCTACCAG,GGCAGATTTTTTATAGGCTTTGTTCCAG,100_S100_L001_R1_001.fastq.gz,37423.0
93,108,2,F8,H7,,15,1,bMS_504,sbcB-,pMS_369,PF020_gyr,PF020,H7,gyrA,GATCGTGTCATAGAC,AGTCACCATGGGGAT,CGCCG,GGCCA,GTTACCCTGACCGTCTACCAG,GGCAGATTTTTTATAGGCTTTGTTCCAG,108_S108_L001_R1_001.fastq.gz,42681.0
94,116,2,G8,H7,,15,1,bMS_504,sbcB-,pMS_369,PF020_gyr,PF020,H7,gyrA,GATCGTGTCATAGAC,AGTCACCATGGGGAT,CGCCG,GGCCA,GTTACCCTGACCGTCTACCAG,GGCAGATTTTTTATAGGCTTTGTTCCAG,116_S116_L001_R1_001.fastq.gz,25317.0
95,124,2,H8,H7,,15,1,bMS_504,sbcB-,pMS_369,PF020_gyr,PF020,H7,gyrA,GATCGTGTCATAGAC,AGTCACCATGGGGAT,CGCCG,GGCCA,GTTACCCTGACCGTCTACCAG,GGCAGATTTTTTATAGGCTTTGTTCCAG,124_S124_L001_R1_001.fastq.gz,54913.0
96,69,2,A9,H7,,17,1,bMS_506,recJ-,pMS_366,PF020_rif,PF020,H7,rpoB,TCAGTTTATG,CAGAACAACC,GAC,GGC,CTGATGCCACAGGATATGATCAACG,CAAACGTCGTATCTCCGCACTC,69_S69_L001_R1_001.fastq.gz,37609.0
97,77,2,B9,H7,,17,1,bMS_506,recJ-,pMS_366,PF020_rif,PF020,H7,rpoB,TCAGTTTATG,CAGAACAACC,GAC,GGC,CTGATGCCACAGGATATGATCAACG,CAAACGTCGTATCTCCGCACTC,77_S77_L001_R1_001.fastq.gz,42574.0
98,85,2,C9,H7,,17,1,bMS_506,recJ-,pMS_366,PF020_rif,PF020,H7,rpoB,TCAGTTTATG,CAGAACAACC,GAC,GGC,CTGATGCCACAGGATATGATCAACG,CAAACGTCGTATCTCCGCACTC,85_S85_L001_R1_001.fastq.gz,40665.0
99,93,2,D9,H7,,17,1,bMS_506,recJ-,pMS_366,PF020_rif,PF020,H7,rpoB,TCAGTTTATG,CAGAACAACC,GAC,GGC,CTGATGCCACAGGATATGATCAACG,CAAACGTCGTATCTCCGCACTC,93_S93_L001_R1_001.fastq.gz,48092.0
100,101,2,E9,H7,,17,1,bMS_506,recJ-,pMS_366,PF020_rif,PF020,H7,rpoB,TCAGTTTATG,CAGAACAACC,GAC,GGC,CTGATGCCACAGGATATGATCAACG,CAAACGTCGTATCTCCGCACTC,101_S101_L001_R1_001.fastq.gz,51642.0
101,109,2,F9,H7,,17,1,bMS_506,recJ-,pMS_366,PF020_rif,PF020,H7,rpoB,TCAGTTTATG,CAGAACAACC,GAC,GGC,CTGATGCCACAGGATATGATCAACG,CAAACGTCGTATCTCCGCACTC,109_S109_L001_R1_001.fastq.gz,66182.0
102,117,2,G9,H7,,17,1,bMS_506,recJ-,pMS_366,PF020_rif,PF020,H7,rpoB,TCAGTTTATG,CAGAACAACC,GAC,GGC,CTGATGCCACAGGATATGATCAACG,CAAACGTCGTATCTCCGCACTC,117_S117_L001_R1_001.fastq.gz,31016.0
103,125,2,H9,H7,,17,1,bMS_506,recJ-,pMS_366,PF020_rif,PF020,H7,rpoB,TCAGTTTATG,CAGAACAACC,GAC,GGC,CTGATGCCACAGGATATGATCAACG,CAAACGTCGTATCTCCGCACTC,125_S125_L001_R1_001.fastq.gz,77589.0
104,70,2,A10,H7,,18,1,bMS_506,recJ-,pMS_369,PF020_gyr,PF020,H7,gyrA,GATCGTGTCATAGAC,AGTCACCATGGGGAT,CGCCG,GGCCA,GTTACCCTGACCGTCTACCAG,GGCAGATTTTTTATAGGCTTTGTTCCAG,70_S70_L001_R1_001.fastq.gz,27962.0
105,78,2,B10,H7,,18,1,bMS_506,recJ-,pMS_369,PF020_gyr,PF020,H7,gyrA,GATCGTGTCATAGAC,AGTCACCATGGGGAT,CGCCG,GGCCA,GTTACCCTGACCGTCTACCAG,GGCAGATTTTTTATAGGCTTTGTTCCAG,78_S78_L001_R1_001.fastq.gz,27444.0
106,86,2,C10,H7,,18,1,bMS_506,recJ-,pMS_369,PF020_gyr,PF020,H7,gyrA,GATCGTGTCATAGAC,AGTCACCATGGGGAT,CGCCG,GGCCA,GTTACCCTGACCGTCTACCAG,GGCAGATTTTTTATAGGCTTTGTTCCAG,86_S86_L001_R1_001.fastq.gz,36855.0
107,94,2,D10,H7,,18,1,bMS_506,recJ-,pMS_369,PF020_gyr,PF020,H7,gyrA,GATCGTGTCATAGAC,AGTCACCATGGGGAT,CGCCG,GGCCA,GTTACCCTGACCGTCTACCAG,GGCAGATTTTTTATAGGCTTTGTTCCAG,94_S94_L001_R1_001.fastq.gz,49525.0
108,102,2,E10,H7,,18,1,bMS_506,recJ-,pMS_369,PF020_gyr,PF020,H7,gyrA,GATCGTGTCATAGAC,AGTCACCATGGGGAT,CGCCG,GGCCA,GTTACCCTGACCGTCTACCAG,GGCAGATTTTTTATAGGCTTTGTTCCAG,102_S102_L001_R1_001.fastq.gz,33962.0
109,110,2,F10,H7,,18,1,bMS_506,recJ-,pMS_369,PF020_gyr,PF020,H7,gyrA,GATCGTGTCATAGAC,AGTCACCATGGGGAT,CGCCG,GGCCA,GTTACCCTGACCGTCTACCAG,GGCAGATTTTTTATAGGCTTTGTTCCAG,110_S110_L001_R1_001.fastq.gz,49772.0
110,118,2,G10,H7,,18,1,bMS_506,recJ-,pMS_369,PF020_gyr,PF020,H7,gyrA,GATCGTGTCATAGAC,AGTCACCATGGGGAT,CGCCG,GGCCA,GTTACCCTGACCGTCTACCAG,GGCAGATTTTTTATAGGCTTTGTTCCAG,118_S118_L001_R1_001.fastq.gz,54398.0
111,126,2,H10,H7,,18,1,bMS_506,recJ-,pMS_369,PF020_gyr,PF020,H7,gyrA,GATCGTGTCATAGAC,AGTCACCATGGGGAT,CGCCG,GGCCA,GTTACCCTGACCGTCTACCAG,GGCAGATTTTTTATAGGCTTTGTTCCAG,126_S126_L001_R1_001.fastq.gz,51664.0
112,71,2,A11,H7,,20,1,bMS_494,WT,pMS_366,PF020_rif,PF020,H7,rpoB,TCAGTTTATG,CAGAACAACC,GAC,GGC,CTGATGCCACAGGATATGATCAACG,CAAACGTCGTATCTCCGCACTC,71_S71_L001_R1_001.fastq.gz,31316.0
113,79,2,B11,H7,,20,1,bMS_494,WT,pMS_366,PF020_rif,PF020,H7,rpoB,TCAGTTTATG,CAGAACAACC,GAC,GGC,CTGATGCCACAGGATATGATCAACG,CAAACGTCGTATCTCCGCACTC,79_S79_L001_R1_001.fastq.gz,21986.0
114,87,2,C11,H7,,20,1,bMS_494,WT,pMS_366,PF020_rif,PF020,H7,rpoB,TCAGTTTATG,CAGAACAACC,GAC,GGC,CTGATGCCACAGGATATGATCAACG,CAAACGTCGTATCTCCGCACTC,87_S87_L001_R1_001.fastq.gz,41880.0
115,95,2,D11,H7,,20,1,bMS_494,WT,pMS_366,PF020_rif,PF020,H7,rpoB,TCAGTTTATG,CAGAACAACC,GAC,GGC,CTGATGCCACAGGATATGATCAACG,CAAACGTCGTATCTCCGCACTC,95_S95_L001_R1_001.fastq.gz,49051.0
116,103,2,E11,H7,,20,1,bMS_494,WT,pMS_366,PF020_rif,PF020,H7,rpoB,TCAGTTTATG,CAGAACAACC,GAC,GGC,CTGATGCCACAGGATATGATCAACG,CAAACGTCGTATCTCCGCACTC,103_S103_L001_R1_001.fastq.gz,29414.0
117,111,2,F11,H7,,20,1,bMS_494,WT,pMS_366,PF020_rif,PF020,H7,rpoB,TCAGTTTATG,CAGAACAACC,GAC,GGC,CTGATGCCACAGGATATGATCAACG,CAAACGTCGTATCTCCGCACTC,111_S111_L001_R1_001.fastq.gz,51720.0
118,119,2,G11,H7,,20,1,bMS_494,WT,pMS_366,PF020_rif,PF020,H7,rpoB,TCAGTTTATG,CAGAACAACC,GAC,GGC,CTGATGCCACAGGATATGATCAACG,CAAACGTCGTATCTCCGCACTC,119_S119_L001_R1_001.fastq.gz,49415.0
119,127,2,H11,H7,,20,1,bMS_494,WT,pMS_366,PF020_rif,PF020,H7,rpoB,TCAGTTTATG,CAGAACAACC,GAC,GGC,CTGATGCCACAGGATATGATCAACG,CAAACGTCGTATCTCCGCACTC,127_S127_L001_R1_001.fastq.gz,80968.0
120,72,2,A12,H7,,21,1,bMS_494,WT,pMS_369,PF020_gyr,PF020,H7,gyrA,GATCGTGTCATAGAC,AGTCACCATGGGGAT,CGCCG,GGCCA,GTTACCCTGACCGTCTACCAG,GGCAGATTTTTTATAGGCTTTGTTCCAG,72_S72_L001_R1_001.fastq.gz,26101.0
121,80,2,B12,H7,,21,1,bMS_494,WT,pMS_369,PF020_gyr,PF020,H7,gyrA,GATCGTGTCATAGAC,AGTCACCATGGGGAT,CGCCG,GGCCA,GTTACCCTGACCGTCTACCAG,GGCAGATTTTTTATAGGCTTTGTTCCAG,80_S80_L001_R1_001.fastq.gz,23505.0
122,88,2,C12,H7,,21,1,bMS_494,WT,pMS_369,PF020_gyr,PF020,H7,gyrA,GATCGTGTCATAGAC,AGTCACCATGGGGAT,CGCCG,GGCCA,GTTACCCTGACCGTCTACCAG,GGCAGATTTTTTATAGGCTTTGTTCCAG,88_S88_L001_R1_001.fastq.gz,35614.0
123,96,2,D12,H7,,21,1,bMS_494,WT,pMS_369,PF020_gyr,PF020,H7,gyrA,GATCGTGTCATAGAC,AGTCACCATGGGGAT,CGCCG,GGCCA,GTTACCCTGACCGTCTACCAG,GGCAGATTTTTTATAGGCTTTGTTCCAG,96_S96_L001_R1_001.fastq.gz,36957.0
124,104,2,E12,H7,,21,1,bMS_494,WT,pMS_369,PF020_gyr,PF020,H7,gyrA,GATCGTGTCATAGAC,AGTCACCATGGGGAT,CGCCG,GGCCA,GTTACCCTGACCGTCTACCAG,GGCAGATTTTTTATAGGCTTTGTTCCAG,104_S104_L001_R1_001.fastq.gz,37114.0
125,112,2,F12,H7,,21,1,bMS_494,WT,pMS_369,PF020_gyr,PF020,H7,gyrA,GATCGTGTCATAGAC,AGTCACCATGGGGAT,CGCCG,GGCCA,GTTACCCTGACCGTCTACCAG,GGCAGATTTTTTATAGGCTTTGTTCCAG,112_S112_L001_R1_001.fastq.gz,60207.0
126,120,2,G12,H7,,21,1,bMS_494,WT,pMS_369,PF020_gyr,PF020,H7,gyrA,GATCGTGTCATAGAC,AGTCACCATGGGGAT,CGCCG,GGCCA,GTTACCCTGACCGTCTACCAG,GGCAGATTTTTTATAGGCTTTGTTCCAG,120_S120_L001_R1_001.fastq.gz,41569.0
127,128,2,H12,H7,,21,1,bMS_494,WT,pMS_369,PF020_gyr,PF020,H7,gyrA,GATCGTGTCATAGAC,AGTCACCATGGGGAT,CGCCG,GGCCA,GTTACCCTGACCGTCTACCAG,GGCAGATTTTTTATAGGCTTTGTTCCAG,128_S128_L001_R1_001.fastq.gz,47640.0
128,129,3,A1,H4,,1,2,bMS_453,,pMS_398,gyrA_slide_1,gyrA_pos_6_MAGEoligo,,gyrA_wide,ATAGACCGCC,AGTCACCATG,G,A,CGCAGAGTCGCCGTCGATAG,CTAGTACGTTCATGGCGTAA,129_S129_L001_R1_001.fastq.gz,39485.0
129,140,3,B1,H4,,1,2,bMS_453,,pMS_398,gyrA_slide_1,gyrA_pos_6_MAGEoligo,,gyrA_wide,ATAGACCGCC,AGTCACCATG,G,A,CGCAGAGTCGCCGTCGATAG,CTAGTACGTTCATGGCGTAA,140_S140_L001_R1_001.fastq.gz,56662.0
130,151,3,C1,H4,,1,2,bMS_453,,pMS_398,gyrA_slide_1,gyrA_pos_6_MAGEoligo,,gyrA_wide,ATAGACCGCC,AGTCACCATG,G,A,CGCAGAGTCGCCGTCGATAG,CTAGTACGTTCATGGCGTAA,151_S151_L001_R1_001.fastq.gz,41020.0
131,162,3,D1,H4,,1,2,bMS_453,,pMS_398,gyrA_slide_1,gyrA_pos_6_MAGEoligo,,gyrA_wide,ATAGACCGCC,AGTCACCATG,G,A,CGCAGAGTCGCCGTCGATAG,CTAGTACGTTCATGGCGTAA,162_S162_L001_R1_001.fastq.gz,38704.0
132,130,3,A2,H4,,2,2,bMS_453,,pMS_399,gyrA_slide_2,gyrA_pos_12_MAGEoligo,,gyrA_wide,ATAGACCGCC,AGTCACCATG,G,A,CGCAGAGTCGCCGTCGATAG,CTAGTACGTTCATGGCGTAA,130_S130_L001_R1_001.fastq.gz,47035.0
133,141,3,B2,H4,,2,2,bMS_453,,pMS_399,gyrA_slide_2,gyrA_pos_12_MAGEoligo,,gyrA_wide,ATAGACCGCC,AGTCACCATG,G,A,CGCAGAGTCGCCGTCGATAG,CTAGTACGTTCATGGCGTAA,141_S141_L001_R1_001.fastq.gz,49109.0
134,152,3,C2,H4,,2,2,bMS_453,,pMS_399,gyrA_slide_2,gyrA_pos_12_MAGEoligo,,gyrA_wide,ATAGACCGCC,AGTCACCATG,G,A,CGCAGAGTCGCCGTCGATAG,CTAGTACGTTCATGGCGTAA,152_S152_L001_R1_001.fastq.gz,49001.0
135,163,3,D2,H4,,2,2,bMS_453,,pMS_399,gyrA_slide_2,gyrA_pos_12_MAGEoligo,,gyrA_wide,ATAGACCGCC,AGTCACCATG,G,A,CGCAGAGTCGCCGTCGATAG,CTAGTACGTTCATGGCGTAA,163_S163_L001_R1_001.fastq.gz,34698.0
136,131,3,A3,H4,,3,2,bMS_453,,pMS_400,gyrA_slide_3,gyrA_pos_21_MAGEoligo,,gyrA_wide,ATAGACCGCC,AGTCACCATG,G,A,CGCAGAGTCGCCGTCGATAG,CTAGTACGTTCATGGCGTAA,131_S131_L001_R1_001.fastq.gz,49496.0
137,142,3,B3,H4,,3,2,bMS_453,,pMS_400,gyrA_slide_3,gyrA_pos_21_MAGEoligo,,gyrA_wide,ATAGACCGCC,AGTCACCATG,G,A,CGCAGAGTCGCCGTCGATAG,CTAGTACGTTCATGGCGTAA,142_S142_L001_R1_001.fastq.gz,52145.0
138,153,3,C3,H4,,3,2,bMS_453,,pMS_400,gyrA_slide_3,gyrA_pos_21_MAGEoligo,,gyrA_wide,ATAGACCGCC,AGTCACCATG,G,A,CGCAGAGTCGCCGTCGATAG,CTAGTACGTTCATGGCGTAA,153_S153_L001_R1_001.fastq.gz,45564.0
139,164,3,D3,H4,,3,2,bMS_453,,pMS_400,gyrA_slide_3,gyrA_pos_21_MAGEoligo,,gyrA_wide,ATAGACCGCC,AGTCACCATG,G,A,CGCAGAGTCGCCGTCGATAG,CTAGTACGTTCATGGCGTAA,164_S164_L001_R1_001.fastq.gz,33096.0
140,132,3,A4,H4,,4,2,bMS_453,,pMS_401,gyrA_slide_4,gyrA_pos_31_MAGEoligo,,gyrA_wide,ATAGACCGCC,AGTCACCATG,G,A,CGCAGAGTCGCCGTCGATAG,CTAGTACGTTCATGGCGTAA,132_S132_L001_R1_001.fastq.gz,43527.0
141,143,3,B4,H4,,4,2,bMS_453,,pMS_401,gyrA_slide_4,gyrA_pos_31_MAGEoligo,,gyrA_wide,ATAGACCGCC,AGTCACCATG,G,A,CGCAGAGTCGCCGTCGATAG,CTAGTACGTTCATGGCGTAA,143_S143_L001_R1_001.fastq.gz,52533.0
142,154,3,C4,H4,,4,2,bMS_453,,pMS_401,gyrA_slide_4,gyrA_pos_31_MAGEoligo,,gyrA_wide,ATAGACCGCC,AGTCACCATG,G,A,CGCAGAGTCGCCGTCGATAG,CTAGTACGTTCATGGCGTAA,154_S154_L001_R1_001.fastq.gz,41162.0
143,165,3,D4,H4,,4,2,bMS_453,,pMS_401,gyrA_slide_4,gyrA_pos_31_MAGEoligo,,gyrA_wide,ATAGACCGCC,AGTCACCATG,G,A,CGCAGAGTCGCCGTCGATAG,CTAGTACGTTCATGGCGTAA,165_S165_L001_R1_001.fastq.gz,41746.0
144,133,3,A5,H4,,5,2,bMS_453,,pMS_402,gyrA_slide_5,gyrA_pos_41_MAGEoligo,,gyrA_wide,ATAGACCGCC,AGTCACCATG,G,A,CGCAGAGTCGCCGTCGATAG,CTAGTACGTTCATGGCGTAA,133_S133_L001_R1_001.fastq.gz,54393.0
145,144,3,B5,H4,,5,2,bMS_453,,pMS_402,gyrA_slide_5,gyrA_pos_41_MAGEoligo,,gyrA_wide,ATAGACCGCC,AGTCACCATG,G,A,CGCAGAGTCGCCGTCGATAG,CTAGTACGTTCATGGCGTAA,144_S144_L001_R1_001.fastq.gz,50073.0
146,155,3,C5,H4,,5,2,bMS_453,,pMS_402,gyrA_slide_5,gyrA_pos_41_MAGEoligo,,gyrA_wide,ATAGACCGCC,AGTCACCATG,G,A,CGCAGAGTCGCCGTCGATAG,CTAGTACGTTCATGGCGTAA,155_S155_L001_R1_001.fastq.gz,38694.0
147,166,3,D5,H4,,5,2,bMS_453,,pMS_402,gyrA_slide_5,gyrA_pos_41_MAGEoligo,,gyrA_wide,ATAGACCGCC,AGTCACCATG,G,A,CGCAGAGTCGCCGTCGATAG,CTAGTACGTTCATGGCGTAA,166_S166_L001_R1_001.fastq.gz,41431.0
148,134,3,A6,H4,,6,2,bMS_453,,pMS_403,gyrA_slide_6,gyrA_pos_51_MAGEoligo,,gyrA_wide,ATAGACCGCC,AGTCACCATG,G,A,CGCAGAGTCGCCGTCGATAG,CTAGTACGTTCATGGCGTAA,134_S134_L001_R1_001.fastq.gz,62268.0
149,145,3,B6,H4,,6,2,bMS_453,,pMS_403,gyrA_slide_6,gyrA_pos_51_MAGEoligo,,gyrA_wide,ATAGACCGCC,AGTCACCATG,G,A,CGCAGAGTCGCCGTCGATAG,CTAGTACGTTCATGGCGTAA,145_S145_L001_R1_001.fastq.gz,54502.0
150,156,3,C6,H4,,6,2,bMS_453,,pMS_403,gyrA_slide_6,gyrA_pos_51_MAGEoligo,,gyrA_wide,ATAGACCGCC,AGTCACCATG,G,A,CGCAGAGTCGCCGTCGATAG,CTAGTACGTTCATGGCGTAA,156_S156_L001_R1_001.fastq.gz,35682.0
151,167,3,D6,H4,,6,2,bMS_453,,pMS_403,gyrA_slide_6,gyrA_pos_51_MAGEoligo,,gyrA_wide,ATAGACCGCC,AGTCACCATG,G,A,CGCAGAGTCGCCGTCGATAG,CTAGTACGTTCATGGCGTAA,167_S167_L001_R1_001.fastq.gz,38123.0
152,135,3,A7,H4,,7,2,bMS_453,,pMS_404,gyrA_slide_7,gyrA_pos_60_MAGEoligo,,gyrA_wide,ATAGACCGCC,AGTCACCATG,G,A,CGCAGAGTCGCCGTCGATAG,CTAGTACGTTCATGGCGTAA,135_S135_L001_R1_001.fastq.gz,42013.0
153,146,3,B7,H4,,7,2,bMS_453,,pMS_404,gyrA_slide_7,gyrA_pos_60_MAGEoligo,,gyrA_wide,ATAGACCGCC,AGTCACCATG,G,A,CGCAGAGTCGCCGTCGATAG,CTAGTACGTTCATGGCGTAA,146_S146_L001_R1_001.fastq.gz,49492.0
154,157,3,C7,H4,,7,2,bMS_453,,pMS_404,gyrA_slide_7,gyrA_pos_60_MAGEoligo,,gyrA_wide,ATAGACCGCC,AGTCACCATG,G,A,CGCAGAGTCGCCGTCGATAG,CTAGTACGTTCATGGCGTAA,157_S157_L001_R1_001.fastq.gz,33853.0
155,168,3,D7,H4,,7,2,bMS_453,,pMS_404,gyrA_slide_7,gyrA_pos_60_MAGEoligo,,gyrA_wide,ATAGACCGCC,AGTCACCATG,G,A,CGCAGAGTCGCCGTCGATAG,CTAGTACGTTCATGGCGTAA,168_S168_L001_R1_001.fastq.gz,32571.0
156,136,3,A8,H4,,8,2,bMS_453,,pMS_405,gyrA_slide_8,gyrA_pos_70_MAGEoligo,,gyrA_wide,ATAGACCGCC,AGTCACCATG,G,A,CGCAGAGTCGCCGTCGATAG,CTAGTACGTTCATGGCGTAA,136_S136_L001_R1_001.fastq.gz,52366.0
157,147,3,B8,H4,,8,2,bMS_453,,pMS_405,gyrA_slide_8,gyrA_pos_70_MAGEoligo,,gyrA_wide,ATAGACCGCC,AGTCACCATG,G,A,CGCAGAGTCGCCGTCGATAG,CTAGTACGTTCATGGCGTAA,147_S147_L001_R1_001.fastq.gz,44175.0
158,158,3,C8,H4,,8,2,bMS_453,,pMS_405,gyrA_slide_8,gyrA_pos_70_MAGEoligo,,gyrA_wide,ATAGACCGCC,AGTCACCATG,G,A,CGCAGAGTCGCCGTCGATAG,CTAGTACGTTCATGGCGTAA,158_S158_L001_R1_001.fastq.gz,50598.0
159,169,3,D8,H4,,8,2,bMS_453,,pMS_405,gyrA_slide_8,gyrA_pos_70_MAGEoligo,,gyrA_wide,ATAGACCGCC,AGTCACCATG,G,A,CGCAGAGTCGCCGTCGATAG,CTAGTACGTTCATGGCGTAA,169_S169_L001_R1_001.fastq.gz,39118.0
160,137,3,A9,H4,,9,2,bMS_453,,pMS_406,gyrA_slide_9,gyrA_pos_79_MAGEoligo,,gyrA_wide,ATAGACCGCC,AGTCACCATG,G,A,CGCAGAGTCGCCGTCGATAG,CTAGTACGTTCATGGCGTAA,137_S137_L001_R1_001.fastq.gz,67499.0
161,148,3,B9,H4,,9,2,bMS_453,,pMS_406,gyrA_slide_9,gyrA_pos_79_MAGEoligo,,gyrA_wide,ATAGACCGCC,AGTCACCATG,G,A,CGCAGAGTCGCCGTCGATAG,CTAGTACGTTCATGGCGTAA,148_S148_L001_R1_001.fastq.gz,43339.0
162,159,3,C9,H4,,9,2,bMS_453,,pMS_406,gyrA_slide_9,gyrA_pos_79_MAGEoligo,,gyrA_wide,ATAGACCGCC,AGTCACCATG,G,A,CGCAGAGTCGCCGTCGATAG,CTAGTACGTTCATGGCGTAA,159_S159_L001_R1_001.fastq.gz,49322.0
163,170,3,D9,H4,,9,2,bMS_453,,pMS_406,gyrA_slide_9,gyrA_pos_79_MAGEoligo,,gyrA_wide,ATAGACCGCC,AGTCACCATG,G,A,CGCAGAGTCGCCGTCGATAG,CTAGTACGTTCATGGCGTAA,170_S170_L001_R1_001.fastq.gz,29442.0
164,138,3,A10,H4,,10,2,bMS_453,,pMS_407,gyrA_slide_10,gyrA_pos_85_MAGEoligo,,gyrA_wide,ATAGACCGCC,AGTCACCATG,G,A,CGCAGAGTCGCCGTCGATAG,CTAGTACGTTCATGGCGTAA,138_S138_L001_R1_001.fastq.gz,59699.0
165,149,3,B10,H4,,10,2,bMS_453,,pMS_407,gyrA_slide_10,gyrA_pos_85_MAGEoligo,,gyrA_wide,ATAGACCGCC,AGTCACCATG,G,A,CGCAGAGTCGCCGTCGATAG,CTAGTACGTTCATGGCGTAA,149_S149_L001_R1_001.fastq.gz,45066.0
166,160,3,C10,H4,,10,2,bMS_453,,pMS_407,gyrA_slide_10,gyrA_pos_85_MAGEoligo,,gyrA_wide,ATAGACCGCC,AGTCACCATG,G,A,CGCAGAGTCGCCGTCGATAG,CTAGTACGTTCATGGCGTAA,160_S160_L001_R1_001.fastq.gz,42864.0
167,171,3,D10,H4,,10,2,bMS_453,,pMS_407,gyrA_slide_10,gyrA_pos_85_MAGEoligo,,gyrA_wide,ATAGACCGCC,AGTCACCATG,G,A,CGCAGAGTCGCCGTCGATAG,CTAGTACGTTCATGGCGTAA,171_S171_L001_R1_001.fastq.gz,35135.0
168,139,3,A11,H4,,11,2,bMS_453,,pms_421,is5,,,gyrA_wide,ATAGACCGCC,AGTCACCATG,G,A,CGCAGAGTCGCCGTCGATAG,CTAGTACGTTCATGGCGTAA,139_S139_L001_R1_001.fastq.gz,46653.0
169,150,3,B11,H4,,11,2,bMS_453,,pms_421,is5,,,gyrA_wide,ATAGACCGCC,AGTCACCATG,G,A,CGCAGAGTCGCCGTCGATAG,CTAGTACGTTCATGGCGTAA,150_S150_L001_R1_001.fastq.gz,47001.0
170,161,3,C11,H4,,11,2,bMS_453,,pms_421,is5,,,gyrA_wide,ATAGACCGCC,AGTCACCATG,G,A,CGCAGAGTCGCCGTCGATAG,CTAGTACGTTCATGGCGTAA,161_S161_L001_R1_001.fastq.gz,54206.0
171,172,3,D11,H4,,11,2,bMS_453,,pms_421,is5,,,gyrA_wide,ATAGACCGCC,AGTCACCATG,G,A,CGCAGAGTCGCCGTCGATAG,CTAGTACGTTCATGGCGTAA,172_S172_L001_R1_001.fastq.gz,25436.0
172,173,3,E1,H10,2.0,13,2,bMS_453,,pMS_408,murF_rev,P128_murF_TAA,,murF,ACATGTTA,TTTGGCTG,G,A,GTTCACGTAG,CTGACGTTTC,173_S173_L001_R1_001.fastq.gz,125194.0
173,184,3,F1,H10,2.0,13,2,bMS_453,,pMS_408,murF_rev,P128_murF_TAA,,murF,ACATGTTA,TTTGGCTG,G,A,GTTCACGTAG,CTGACGTTTC,184_S184_L001_R1_001.fastq.gz,90199.0
174,195,3,G1,H10,2.0,13,2,bMS_453,,pMS_408,murF_rev,P128_murF_TAA,,murF,ACATGTTA,TTTGGCTG,G,A,GTTCACGTAG,CTGACGTTTC,195_S195_L001_R1_001.fastq.gz,98938.0
175,206,3,H1,H10,2.0,13,2,bMS_453,,pMS_408,murF_rev,P128_murF_TAA,,murF,ACATGTTA,TTTGGCTG,G,A,GTTCACGTAG,CTGACGTTTC,206_S206_L001_R1_001.fastq.gz,108041.0
176,217,4,A1,H10,0.0,13,2,bMS_453,,pMS_408,murF_rev,P128_murF_TAA,,murF,ACATGTTA,TTTGGCTG,G,A,GTTCACGTAG,CTGACGTTTC,217_S217_L001_R1_001.fastq.gz,35686.0
177,228,4,B1,H10,0.0,13,2,bMS_453,,pMS_408,murF_rev,P128_murF_TAA,,murF,ACATGTTA,TTTGGCTG,G,A,GTTCACGTAG,CTGACGTTTC,228_S228_L001_R1_001.fastq.gz,45663.0
178,239,4,C1,H10,0.0,13,2,bMS_453,,pMS_408,murF_rev,P128_murF_TAA,,murF,ACATGTTA,TTTGGCTG,G,A,GTTCACGTAG,CTGACGTTTC,239_S239_L001_R1_001.fastq.gz,31023.0
179,250,4,D1,H10,0.0,13,2,bMS_453,,pMS_408,murF_rev,P128_murF_TAA,,murF,ACATGTTA,TTTGGCTG,G,A,GTTCACGTAG,CTGACGTTTC,250_S250_L001_R1_001.fastq.gz,32007.0
180,261,4,E1,H10,1.0,13,2,bMS_453,,pMS_408,murF_rev,P128_murF_TAA,,murF,ACATGTTA,TTTGGCTG,G,A,GTTCACGTAG,CTGACGTTTC,261_S261_L001_R1_001.fastq.gz,30788.0
181,272,4,F1,H10,1.0,13,2,bMS_453,,pMS_408,murF_rev,P128_murF_TAA,,murF,ACATGTTA,TTTGGCTG,G,A,GTTCACGTAG,CTGACGTTTC,272_S272_L001_R1_001.fastq.gz,27302.0
182,283,4,G1,H10,1.0,13,2,bMS_453,,pMS_408,murF_rev,P128_murF_TAA,,murF,ACATGTTA,TTTGGCTG,G,A,GTTCACGTAG,CTGACGTTTC,283_S283_L001_R1_001.fastq.gz,25898.0
183,294,4,H1,H10,1.0,13,2,bMS_453,,pMS_408,murF_rev,P128_murF_TAA,,murF,ACATGTTA,TTTGGCTG,G,A,GTTCACGTAG,CTGACGTTTC,294_S294_L001_R1_001.fastq.gz,25182.0
184,174,3,E2,H10,2.0,14,2,bMS_453,,pMS_409,pgpA_rev,P129_pgpA_TAA,,pgpA,CTTTCGTA,TAATACCC,G,A,AGCCATGGAC,CCTGCCATGC,174_S174_L001_R1_001.fastq.gz,125940.0
185,185,3,F2,H10,2.0,14,2,bMS_453,,pMS_409,pgpA_rev,P129_pgpA_TAA,,pgpA,CTTTCGTA,TAATACCC,G,A,AGCCATGGAC,CCTGCCATGC,185_S185_L001_R1_001.fastq.gz,112709.0
186,196,3,G2,H10,2.0,14,2,bMS_453,,pMS_409,pgpA_rev,P129_pgpA_TAA,,pgpA,CTTTCGTA,TAATACCC,G,A,AGCCATGGAC,CCTGCCATGC,196_S196_L001_R1_001.fastq.gz,125719.0
187,207,3,H2,H10,2.0,14,2,bMS_453,,pMS_409,pgpA_rev,P129_pgpA_TAA,,pgpA,CTTTCGTA,TAATACCC,G,A,AGCCATGGAC,CCTGCCATGC,207_S207_L001_R1_001.fastq.gz,98368.0
188,218,4,A2,H10,0.0,14,2,bMS_453,,pMS_409,pgpA_rev,P129_pgpA_TAA,,pgpA,CTTTCGTA,TAATACCC,G,A,AGCCATGGAC,CCTGCCATGC,218_S218_L001_R1_001.fastq.gz,53516.0
189,229,4,B2,H10,0.0,14,2,bMS_453,,pMS_409,pgpA_rev,P129_pgpA_TAA,,pgpA,CTTTCGTA,TAATACCC,G,A,AGCCATGGAC,CCTGCCATGC,229_S229_L001_R1_001.fastq.gz,46615.0
190,240,4,C2,H10,0.0,14,2,bMS_453,,pMS_409,pgpA_rev,P129_pgpA_TAA,,pgpA,CTTTCGTA,TAATACCC,G,A,AGCCATGGAC,CCTGCCATGC,240_S240_L001_R1_001.fastq.gz,50321.0
191,251,4,D2,H10,0.0,14,2,bMS_453,,pMS_409,pgpA_rev,P129_pgpA_TAA,,pgpA,CTTTCGTA,TAATACCC,G,A,AGCCATGGAC,CCTGCCATGC,251_S251_L001_R1_001.fastq.gz,35336.0
192,262,4,E2,H10,1.0,14,2,bMS_453,,pMS_409,pgpA_rev,P129_pgpA_TAA,,pgpA,CTTTCGTA,TAATACCC,G,A,AGCCATGGAC,CCTGCCATGC,262_S262_L001_R1_001.fastq.gz,25522.0
193,273,4,F2,H10,1.0,14,2,bMS_453,,pMS_409,pgpA_rev,P129_pgpA_TAA,,pgpA,CTTTCGTA,TAATACCC,G,A,AGCCATGGAC,CCTGCCATGC,273_S273_L001_R1_001.fastq.gz,25319.0
194,284,4,G2,H10,1.0,14,2,bMS_453,,pMS_409,pgpA_rev,P129_pgpA_TAA,,pgpA,CTTTCGTA,TAATACCC,G,A,AGCCATGGAC,CCTGCCATGC,284_S284_L001_R1_001.fastq.gz,31271.0
195,295,4,H2,H10,1.0,14,2,bMS_453,,pMS_409,pgpA_rev,P129_pgpA_TAA,,pgpA,CTTTCGTA,TAATACCC,G,A,AGCCATGGAC,CCTGCCATGC,295_S295_L001_R1_001.fastq.gz,24435.0
196,175,3,E3,H10,2.0,15,2,bMS_453,,pMS_410,sucB_rev,P130_sucB_TAA,,sucB,CTGTCGTA,TTGTGCAC,G,A,TATTTTATCG,GTTTATACGG,175_S175_L001_R1_001.fastq.gz,121070.0
197,186,3,F3,H10,2.0,15,2,bMS_453,,pMS_410,sucB_rev,P130_sucB_TAA,,sucB,CTGTCGTA,TTGTGCAC,G,A,TATTTTATCG,GTTTATACGG,186_S186_L001_R1_001.fastq.gz,122726.0
198,197,3,G3,H10,2.0,15,2,bMS_453,,pMS_410,sucB_rev,P130_sucB_TAA,,sucB,CTGTCGTA,TTGTGCAC,G,A,TATTTTATCG,GTTTATACGG,197_S197_L001_R1_001.fastq.gz,119008.0
199,208,3,H3,H10,2.0,15,2,bMS_453,,pMS_410,sucB_rev,P130_sucB_TAA,,sucB,CTGTCGTA,TTGTGCAC,G,A,TATTTTATCG,GTTTATACGG,208_S208_L001_R1_001.fastq.gz,116279.0
200,219,4,A3,H10,0.0,15,2,bMS_453,,pMS_410,sucB_rev,P130_sucB_TAA,,sucB,CTGTCGTA,TTGTGCAC,G,A,TATTTTATCG,GTTTATACGG,219_S219_L001_R1_001.fastq.gz,41683.0
201,230,4,B3,H10,0.0,15,2,bMS_453,,pMS_410,sucB_rev,P130_sucB_TAA,,sucB,CTGTCGTA,TTGTGCAC,G,A,TATTTTATCG,GTTTATACGG,230_S230_L001_R1_001.fastq.gz,31076.0
202,241,4,C3,H10,0.0,15,2,bMS_453,,pMS_410,sucB_rev,P130_sucB_TAA,,sucB,CTGTCGTA,TTGTGCAC,G,A,TATTTTATCG,GTTTATACGG,241_S241_L001_R1_001.fastq.gz,33039.0
203,252,4,D3,H10,0.0,15,2,bMS_453,,pMS_410,sucB_rev,P130_sucB_TAA,,sucB,CTGTCGTA,TTGTGCAC,G,A,TATTTTATCG,GTTTATACGG,252_S252_L001_R1_001.fastq.gz,21484.0
204,263,4,E3,H10,1.0,15,2,bMS_453,,pMS_410,sucB_rev,P130_sucB_TAA,,sucB,CTGTCGTA,TTGTGCAC,G,A,TATTTTATCG,GTTTATACGG,263_S263_L001_R1_001.fastq.gz,28645.0
205,274,4,F3,H10,1.0,15,2,bMS_453,,pMS_410,sucB_rev,P130_sucB_TAA,,sucB,CTGTCGTA,TTGTGCAC,G,A,TATTTTATCG,GTTTATACGG,274_S274_L001_R1_001.fastq.gz,25575.0
206,285,4,G3,H10,1.0,15,2,bMS_453,,pMS_410,sucB_rev,P130_sucB_TAA,,sucB,CTGTCGTA,TTGTGCAC,G,A,TATTTTATCG,GTTTATACGG,285_S285_L001_R1_001.fastq.gz,26619.0
207,296,4,H3,H10,1.0,15,2,bMS_453,,pMS_410,sucB_rev,P130_sucB_TAA,,sucB,CTGTCGTA,TTGTGCAC,G,A,TATTTTATCG,GTTTATACGG,296_S296_L001_R1_001.fastq.gz,25878.0
208,176,3,E4,H10,2.0,16,2,bMS_453,,pMS_411,lolA_rev,P131_lolA_TAA,,lolA,GACGTGTA,TAGTTTAA,G,A,GGGCTTCCTG,GCCTTCTCCG,176_S176_L001_R1_001.fastq.gz,162437.0
209,187,3,F4,H10,2.0,16,2,bMS_453,,pMS_411,lolA_rev,P131_lolA_TAA,,lolA,GACGTGTA,TAGTTTAA,G,A,GGGCTTCCTG,GCCTTCTCCG,187_S187_L001_R1_001.fastq.gz,145261.0
210,198,3,G4,H10,2.0,16,2,bMS_453,,pMS_411,lolA_rev,P131_lolA_TAA,,lolA,GACGTGTA,TAGTTTAA,G,A,GGGCTTCCTG,GCCTTCTCCG,198_S198_L001_R1_001.fastq.gz,115700.0
211,209,3,H4,H10,2.0,16,2,bMS_453,,pMS_411,lolA_rev,P131_lolA_TAA,,lolA,GACGTGTA,TAGTTTAA,G,A,GGGCTTCCTG,GCCTTCTCCG,209_S209_L001_R1_001.fastq.gz,134738.0
212,220,4,A4,H10,0.0,16,2,bMS_453,,pMS_411,lolA_rev,P131_lolA_TAA,,lolA,GACGTGTA,TAGTTTAA,G,A,GGGCTTCCTG,GCCTTCTCCG,220_S220_L001_R1_001.fastq.gz,38634.0
213,231,4,B4,H10,0.0,16,2,bMS_453,,pMS_411,lolA_rev,P131_lolA_TAA,,lolA,GACGTGTA,TAGTTTAA,G,A,GGGCTTCCTG,GCCTTCTCCG,231_S231_L001_R1_001.fastq.gz,54662.0
214,242,4,C4,H10,0.0,16,2,bMS_453,,pMS_411,lolA_rev,P131_lolA_TAA,,lolA,GACGTGTA,TAGTTTAA,G,A,GGGCTTCCTG,GCCTTCTCCG,242_S242_L001_R1_001.fastq.gz,38418.0
215,253,4,D4,H10,0.0,16,2,bMS_453,,pMS_411,lolA_rev,P131_lolA_TAA,,lolA,GACGTGTA,TAGTTTAA,G,A,GGGCTTCCTG,GCCTTCTCCG,253_S253_L001_R1_001.fastq.gz,44543.0
216,264,4,E4,H10,1.0,16,2,bMS_453,,pMS_411,lolA_rev,P131_lolA_TAA,,lolA,GACGTGTA,TAGTTTAA,G,A,GGGCTTCCTG,GCCTTCTCCG,264_S264_L001_R1_001.fastq.gz,42012.0
217,275,4,F4,H10,1.0,16,2,bMS_453,,pMS_411,lolA_rev,P131_lolA_TAA,,lolA,GACGTGTA,TAGTTTAA,G,A,GGGCTTCCTG,GCCTTCTCCG,275_S275_L001_R1_001.fastq.gz,39201.0
218,286,4,G4,H10,1.0,16,2,bMS_453,,pMS_411,lolA_rev,P131_lolA_TAA,,lolA,GACGTGTA,TAGTTTAA,G,A,GGGCTTCCTG,GCCTTCTCCG,286_S286_L001_R1_001.fastq.gz,27889.0
219,297,4,H4,H10,1.0,16,2,bMS_453,,pMS_411,lolA_rev,P131_lolA_TAA,,lolA,GACGTGTA,TAGTTTAA,G,A,GGGCTTCCTG,GCCTTCTCCG,297_S297_L001_R1_001.fastq.gz,29865.0
220,177,3,E5,H10,2.0,17,2,bMS_453,,pMS_412,lpxK_rev,P132_lpxK_TAA,,lpxK,CGTAAGTA,AGGCACCT,G,A,CGAAATTTAC,CGTATGCGGC,177_S177_L001_R1_001.fastq.gz,130553.0
221,188,3,F5,H10,2.0,17,2,bMS_453,,pMS_412,lpxK_rev,P132_lpxK_TAA,,lpxK,CGTAAGTA,AGGCACCT,G,A,CGAAATTTAC,CGTATGCGGC,188_S188_L001_R1_001.fastq.gz,132282.0
222,199,3,G5,H10,2.0,17,2,bMS_453,,pMS_412,lpxK_rev,P132_lpxK_TAA,,lpxK,CGTAAGTA,AGGCACCT,G,A,CGAAATTTAC,CGTATGCGGC,199_S199_L001_R1_001.fastq.gz,126159.0
223,210,3,H5,H10,2.0,17,2,bMS_453,,pMS_412,lpxK_rev,P132_lpxK_TAA,,lpxK,CGTAAGTA,AGGCACCT,G,A,CGAAATTTAC,CGTATGCGGC,210_S210_L001_R1_001.fastq.gz,129597.0
224,221,4,A5,H10,0.0,17,2,bMS_453,,pMS_412,lpxK_rev,P132_lpxK_TAA,,lpxK,CGTAAGTA,AGGCACCT,G,A,CGAAATTTAC,CGTATGCGGC,221_S221_L001_R1_001.fastq.gz,37780.0
225,232,4,B5,H10,0.0,17,2,bMS_453,,pMS_412,lpxK_rev,P132_lpxK_TAA,,lpxK,CGTAAGTA,AGGCACCT,G,A,CGAAATTTAC,CGTATGCGGC,232_S232_L001_R1_001.fastq.gz,34381.0
226,243,4,C5,H10,0.0,17,2,bMS_453,,pMS_412,lpxK_rev,P132_lpxK_TAA,,lpxK,CGTAAGTA,AGGCACCT,G,A,CGAAATTTAC,CGTATGCGGC,243_S243_L001_R1_001.fastq.gz,27620.0
227,254,4,D5,H10,0.0,17,2,bMS_453,,pMS_412,lpxK_rev,P132_lpxK_TAA,,lpxK,CGTAAGTA,AGGCACCT,G,A,CGAAATTTAC,CGTATGCGGC,254_S254_L001_R1_001.fastq.gz,30765.0
228,265,4,E5,H10,1.0,17,2,bMS_453,,pMS_412,lpxK_rev,P132_lpxK_TAA,,lpxK,CGTAAGTA,AGGCACCT,G,A,CGAAATTTAC,CGTATGCGGC,265_S265_L001_R1_001.fastq.gz,26537.0
229,276,4,F5,H10,1.0,17,2,bMS_453,,pMS_412,lpxK_rev,P132_lpxK_TAA,,lpxK,CGTAAGTA,AGGCACCT,G,A,CGAAATTTAC,CGTATGCGGC,276_S276_L001_R1_001.fastq.gz,34460.0
230,287,4,G5,H10,1.0,17,2,bMS_453,,pMS_412,lpxK_rev,P132_lpxK_TAA,,lpxK,CGTAAGTA,AGGCACCT,G,A,CGAAATTTAC,CGTATGCGGC,287_S287_L001_R1_001.fastq.gz,27155.0
231,298,4,H5,H10,1.0,17,2,bMS_453,,pMS_412,lpxK_rev,P132_lpxK_TAA,,lpxK,CGTAAGTA,AGGCACCT,G,A,CGAAATTTAC,CGTATGCGGC,298_S298_L001_R1_001.fastq.gz,31531.0
232,178,3,E6,H10,2.0,18,2,bMS_453,,pMS_413,fabH_rev,P133_fabH_TAA,,fabH,GGCAACTA,TTACGCCG,G,A,AGCTTTCAGG,CCTTGCTGAT,178_S178_L001_R1_001.fastq.gz,133916.0
233,189,3,F6,H10,2.0,18,2,bMS_453,,pMS_413,fabH_rev,P133_fabH_TAA,,fabH,GGCAACTA,TTACGCCG,G,A,AGCTTTCAGG,CCTTGCTGAT,189_S189_L001_R1_001.fastq.gz,135581.0
234,200,3,G6,H10,2.0,18,2,bMS_453,,pMS_413,fabH_rev,P133_fabH_TAA,,fabH,GGCAACTA,TTACGCCG,G,A,AGCTTTCAGG,CCTTGCTGAT,200_S200_L001_R1_001.fastq.gz,130325.0
235,211,3,H6,H10,2.0,18,2,bMS_453,,pMS_413,fabH_rev,P133_fabH_TAA,,fabH,GGCAACTA,TTACGCCG,G,A,AGCTTTCAGG,CCTTGCTGAT,211_S211_L001_R1_001.fastq.gz,104159.0
236,222,4,A6,H10,0.0,18,2,bMS_453,,pMS_413,fabH_rev,P133_fabH_TAA,,fabH,GGCAACTA,TTACGCCG,G,A,AGCTTTCAGG,CCTTGCTGAT,222_S222_L001_R1_001.fastq.gz,55433.0
237,233,4,B6,H10,0.0,18,2,bMS_453,,pMS_413,fabH_rev,P133_fabH_TAA,,fabH,GGCAACTA,TTACGCCG,G,A,AGCTTTCAGG,CCTTGCTGAT,233_S233_L001_R1_001.fastq.gz,54540.0
238,244,4,C6,H10,0.0,18,2,bMS_453,,pMS_413,fabH_rev,P133_fabH_TAA,,fabH,GGCAACTA,TTACGCCG,G,A,AGCTTTCAGG,CCTTGCTGAT,244_S244_L001_R1_001.fastq.gz,33981.0
239,255,4,D6,H10,0.0,18,2,bMS_453,,pMS_413,fabH_rev,P133_fabH_TAA,,fabH,GGCAACTA,TTACGCCG,G,A,AGCTTTCAGG,CCTTGCTGAT,255_S255_L001_R1_001.fastq.gz,40351.0
240,266,4,E6,H10,1.0,18,2,bMS_453,,pMS_413,fabH_rev,P133_fabH_TAA,,fabH,GGCAACTA,TTACGCCG,G,A,AGCTTTCAGG,CCTTGCTGAT,266_S266_L001_R1_001.fastq.gz,36685.0
241,277,4,F6,H10,1.0,18,2,bMS_453,,pMS_413,fabH_rev,P133_fabH_TAA,,fabH,GGCAACTA,TTACGCCG,G,A,AGCTTTCAGG,CCTTGCTGAT,277_S277_L001_R1_001.fastq.gz,39471.0
242,288,4,G6,H10,1.0,18,2,bMS_453,,pMS_413,fabH_rev,P133_fabH_TAA,,fabH,GGCAACTA,TTACGCCG,G,A,AGCTTTCAGG,CCTTGCTGAT,288_S288_L001_R1_001.fastq.gz,31595.0
243,299,4,H6,H10,1.0,18,2,bMS_453,,pMS_413,fabH_rev,P133_fabH_TAA,,fabH,GGCAACTA,TTACGCCG,G,A,AGCTTTCAGG,CCTTGCTGAT,299_S299_L001_R1_001.fastq.gz,28542.0
244,179,3,E7,H10,2.0,19,2,bMS_453,,pMS_414,hemA_rev,P134_hemA_TAA,,hemA,CGTTTCTA,GATAAGGATT,G,A,CAGTTGGTTC,CAAACCGTTG,179_S179_L001_R1_001.fastq.gz,131595.0
245,190,3,F7,H10,2.0,19,2,bMS_453,,pMS_414,hemA_rev,P134_hemA_TAA,,hemA,CGTTTCTA,GATAAGGATT,G,A,CAGTTGGTTC,CAAACCGTTG,190_S190_L001_R1_001.fastq.gz,115283.0
246,201,3,G7,H10,2.0,19,2,bMS_453,,pMS_414,hemA_rev,P134_hemA_TAA,,hemA,CGTTTCTA,GATAAGGATT,G,A,CAGTTGGTTC,CAAACCGTTG,201_S201_L001_R1_001.fastq.gz,134082.0
247,212,3,H7,H10,2.0,19,2,bMS_453,,pMS_414,hemA_rev,P134_hemA_TAA,,hemA,CGTTTCTA,GATAAGGATT,G,A,CAGTTGGTTC,CAAACCGTTG,212_S212_L001_R1_001.fastq.gz,112495.0
248,223,4,A7,H10,0.0,19,2,bMS_453,,pMS_414,hemA_rev,P134_hemA_TAA,,hemA,CGTTTCTA,GATAAGGATT,G,A,CAGTTGGTTC,CAAACCGTTG,223_S223_L001_R1_001.fastq.gz,34892.0
249,234,4,B7,H10,0.0,19,2,bMS_453,,pMS_414,hemA_rev,P134_hemA_TAA,,hemA,CGTTTCTA,GATAAGGATT,G,A,CAGTTGGTTC,CAAACCGTTG,234_S234_L001_R1_001.fastq.gz,45607.0
250,245,4,C7,H10,0.0,19,2,bMS_453,,pMS_414,hemA_rev,P134_hemA_TAA,,hemA,CGTTTCTA,GATAAGGATT,G,A,CAGTTGGTTC,CAAACCGTTG,245_S245_L001_R1_001.fastq.gz,33041.0
251,256,4,D7,H10,0.0,19,2,bMS_453,,pMS_414,hemA_rev,P134_hemA_TAA,,hemA,CGTTTCTA,GATAAGGATT,G,A,CAGTTGGTTC,CAAACCGTTG,256_S256_L001_R1_001.fastq.gz,26863.0
252,267,4,E7,H10,1.0,19,2,bMS_453,,pMS_414,hemA_rev,P134_hemA_TAA,,hemA,CGTTTCTA,GATAAGGATT,G,A,CAGTTGGTTC,CAAACCGTTG,267_S267_L001_R1_001.fastq.gz,35030.0
253,278,4,F7,H10,1.0,19,2,bMS_453,,pMS_414,hemA_rev,P134_hemA_TAA,,hemA,CGTTTCTA,GATAAGGATT,G,A,CAGTTGGTTC,CAAACCGTTG,278_S278_L001_R1_001.fastq.gz,30853.0
254,289,4,G7,H10,1.0,19,2,bMS_453,,pMS_414,hemA_rev,P134_hemA_TAA,,hemA,CGTTTCTA,GATAAGGATT,G,A,CAGTTGGTTC,CAAACCGTTG,289_S289_L001_R1_001.fastq.gz,35682.0
255,300,4,H7,H10,1.0,19,2,bMS_453,,pMS_414,hemA_rev,P134_hemA_TAA,,hemA,CGTTTCTA,GATAAGGATT,G,A,CAGTTGGTTC,CAAACCGTTG,300_S300_L001_R1_001.fastq.gz,28123.0
256,180,3,E8,H10,2.0,20,2,bMS_453,,pMS_415,fliN_rev,P135_fliN_TAA,,fliN,CTGGAGTA,CAGTACAT,G,A,CTTCAACAGG,CTATCGTTGC,180_S180_L001_R1_001.fastq.gz,90473.0
257,191,3,F8,H10,2.0,20,2,bMS_453,,pMS_415,fliN_rev,P135_fliN_TAA,,fliN,CTGGAGTA,CAGTACAT,G,A,CTTCAACAGG,CTATCGTTGC,191_S191_L001_R1_001.fastq.gz,96019.0
258,202,3,G8,H10,2.0,20,2,bMS_453,,pMS_415,fliN_rev,P135_fliN_TAA,,fliN,CTGGAGTA,CAGTACAT,G,A,CTTCAACAGG,CTATCGTTGC,202_S202_L001_R1_001.fastq.gz,84536.0
259,213,3,H8,H10,2.0,20,2,bMS_453,,pMS_415,fliN_rev,P135_fliN_TAA,,fliN,CTGGAGTA,CAGTACAT,G,A,CTTCAACAGG,CTATCGTTGC,213_S213_L001_R1_001.fastq.gz,107877.0
260,224,4,A8,H10,0.0,20,2,bMS_453,,pMS_415,fliN_rev,P135_fliN_TAA,,fliN,CTGGAGTA,CAGTACAT,G,A,CTTCAACAGG,CTATCGTTGC,224_S224_L001_R1_001.fastq.gz,32796.0
261,235,4,B8,H10,0.0,20,2,bMS_453,,pMS_415,fliN_rev,P135_fliN_TAA,,fliN,CTGGAGTA,CAGTACAT,G,A,CTTCAACAGG,CTATCGTTGC,235_S235_L001_R1_001.fastq.gz,31506.0
262,246,4,C8,H10,0.0,20,2,bMS_453,,pMS_415,fliN_rev,P135_fliN_TAA,,fliN,CTGGAGTA,CAGTACAT,G,A,CTTCAACAGG,CTATCGTTGC,246_S246_L001_R1_001.fastq.gz,41283.0
263,257,4,D8,H10,0.0,20,2,bMS_453,,pMS_415,fliN_rev,P135_fliN_TAA,,fliN,CTGGAGTA,CAGTACAT,G,A,CTTCAACAGG,CTATCGTTGC,257_S257_L001_R1_001.fastq.gz,29972.0
264,268,4,E8,H10,1.0,20,2,bMS_453,,pMS_415,fliN_rev,P135_fliN_TAA,,fliN,CTGGAGTA,CAGTACAT,G,A,CTTCAACAGG,CTATCGTTGC,268_S268_L001_R1_001.fastq.gz,24977.0
265,279,4,F8,H10,1.0,20,2,bMS_453,,pMS_415,fliN_rev,P135_fliN_TAA,,fliN,CTGGAGTA,CAGTACAT,G,A,CTTCAACAGG,CTATCGTTGC,279_S279_L001_R1_001.fastq.gz,24406.0
266,290,4,G8,H10,1.0,20,2,bMS_453,,pMS_415,fliN_rev,P135_fliN_TAA,,fliN,CTGGAGTA,CAGTACAT,G,A,CTTCAACAGG,CTATCGTTGC,290_S290_L001_R1_001.fastq.gz,23792.0
267,301,4,H8,H10,1.0,20,2,bMS_453,,pMS_415,fliN_rev,P135_fliN_TAA,,fliN,CTGGAGTA,CAGTACAT,G,A,CTTCAACAGG,CTATCGTTGC,301_S301_L001_R1_001.fastq.gz,31780.0
268,181,3,E9,H10,2.0,21,2,bMS_453,,pMS_416,hda_rev,P136_hda_TAA,,hda,AGCCGTTA,TGATGAAT,G,A,ATATGGCGTG,CACTCATCGC,181_S181_L001_R1_001.fastq.gz,98486.0
269,192,3,F9,H10,2.0,21,2,bMS_453,,pMS_416,hda_rev,P136_hda_TAA,,hda,AGCCGTTA,TGATGAAT,G,A,ATATGGCGTG,CACTCATCGC,192_S192_L001_R1_001.fastq.gz,99744.0
270,203,3,G9,H10,2.0,21,2,bMS_453,,pMS_416,hda_rev,P136_hda_TAA,,hda,AGCCGTTA,TGATGAAT,G,A,ATATGGCGTG,CACTCATCGC,203_S203_L001_R1_001.fastq.gz,79881.0
271,214,3,H9,H10,2.0,21,2,bMS_453,,pMS_416,hda_rev,P136_hda_TAA,,hda,AGCCGTTA,TGATGAAT,G,A,ATATGGCGTG,CACTCATCGC,214_S214_L001_R1_001.fastq.gz,95926.0
272,225,4,A9,H10,0.0,21,2,bMS_453,,pMS_416,hda_rev,P136_hda_TAA,,hda,AGCCGTTA,TGATGAAT,G,A,ATATGGCGTG,CACTCATCGC,225_S225_L001_R1_001.fastq.gz,13108.0
273,236,4,B9,H10,0.0,21,2,bMS_453,,pMS_416,hda_rev,P136_hda_TAA,,hda,AGCCGTTA,TGATGAAT,G,A,ATATGGCGTG,CACTCATCGC,236_S236_L001_R1_001.fastq.gz,31632.0
274,247,4,C9,H10,0.0,21,2,bMS_453,,pMS_416,hda_rev,P136_hda_TAA,,hda,AGCCGTTA,TGATGAAT,G,A,ATATGGCGTG,CACTCATCGC,247_S247_L001_R1_001.fastq.gz,39678.0
275,258,4,D9,H10,0.0,21,2,bMS_453,,pMS_416,hda_rev,P136_hda_TAA,,hda,AGCCGTTA,TGATGAAT,G,A,ATATGGCGTG,CACTCATCGC,258_S258_L001_R1_001.fastq.gz,23614.0
276,269,4,E9,H10,1.0,21,2,bMS_453,,pMS_416,hda_rev,P136_hda_TAA,,hda,AGCCGTTA,TGATGAAT,G,A,ATATGGCGTG,CACTCATCGC,269_S269_L001_R1_001.fastq.gz,21847.0
277,280,4,F9,H10,1.0,21,2,bMS_453,,pMS_416,hda_rev,P136_hda_TAA,,hda,AGCCGTTA,TGATGAAT,G,A,ATATGGCGTG,CACTCATCGC,280_S280_L001_R1_001.fastq.gz,23460.0
278,291,4,G9,H10,1.0,21,2,bMS_453,,pMS_416,hda_rev,P136_hda_TAA,,hda,AGCCGTTA,TGATGAAT,G,A,ATATGGCGTG,CACTCATCGC,291_S291_L001_R1_001.fastq.gz,20255.0
279,302,4,H9,H10,1.0,21,2,bMS_453,,pMS_416,hda_rev,P136_hda_TAA,,hda,AGCCGTTA,TGATGAAT,G,A,ATATGGCGTG,CACTCATCGC,302_S302_L001_R1_001.fastq.gz,27291.0
280,182,3,E10,H10,2.0,22,2,bMS_453,,pMS_417,mreC_rev,P137_mreC_TAA,,mreC,CACCTTAT,TACAACTT,C,T,ATGGATTAAC,CGACGCACGA,182_S182_L001_R1_001.fastq.gz,125649.0
281,193,3,F10,H10,2.0,22,2,bMS_453,,pMS_417,mreC_rev,P137_mreC_TAA,,mreC,CACCTTAT,TACAACTT,C,T,ATGGATTAAC,CGACGCACGA,193_S193_L001_R1_001.fastq.gz,137704.0
282,204,3,G10,H10,2.0,22,2,bMS_453,,pMS_417,mreC_rev,P137_mreC_TAA,,mreC,CACCTTAT,TACAACTT,C,T,ATGGATTAAC,CGACGCACGA,204_S204_L001_R1_001.fastq.gz,142974.0
283,215,3,H10,H10,2.0,22,2,bMS_453,,pMS_417,mreC_rev,P137_mreC_TAA,,mreC,CACCTTAT,TACAACTT,C,T,ATGGATTAAC,CGACGCACGA,215_S215_L001_R1_001.fastq.gz,129890.0
284,226,4,A10,H10,0.0,22,2,bMS_453,,pMS_417,mreC_rev,P137_mreC_TAA,,mreC,CACCTTAT,TACAACTT,C,T,ATGGATTAAC,CGACGCACGA,226_S226_L001_R1_001.fastq.gz,45518.0
285,237,4,B10,H10,0.0,22,2,bMS_453,,pMS_417,mreC_rev,P137_mreC_TAA,,mreC,CACCTTAT,TACAACTT,C,T,ATGGATTAAC,CGACGCACGA,237_S237_L001_R1_001.fastq.gz,40685.0
286,248,4,C10,H10,0.0,22,2,bMS_453,,pMS_417,mreC_rev,P137_mreC_TAA,,mreC,CACCTTAT,TACAACTT,C,T,ATGGATTAAC,CGACGCACGA,248_S248_L001_R1_001.fastq.gz,39728.0
287,259,4,D10,H10,0.0,22,2,bMS_453,,pMS_417,mreC_rev,P137_mreC_TAA,,mreC,CACCTTAT,TACAACTT,C,T,ATGGATTAAC,CGACGCACGA,259_S259_L001_R1_001.fastq.gz,21659.0
288,270,4,E10,H10,1.0,22,2,bMS_453,,pMS_417,mreC_rev,P137_mreC_TAA,,mreC,CACCTTAT,TACAACTT,C,T,ATGGATTAAC,CGACGCACGA,270_S270_L001_R1_001.fastq.gz,14472.0
289,281,4,F10,H10,1.0,22,2,bMS_453,,pMS_417,mreC_rev,P137_mreC_TAA,,mreC,CACCTTAT,TACAACTT,C,T,ATGGATTAAC,CGACGCACGA,281_S281_L001_R1_001.fastq.gz,17333.0
290,292,4,G10,H10,1.0,22,2,bMS_453,,pMS_417,mreC_rev,P137_mreC_TAA,,mreC,CACCTTAT,TACAACTT,C,T,ATGGATTAAC,CGACGCACGA,292_S292_L001_R1_001.fastq.gz,35323.0
291,303,4,H10,H10,1.0,22,2,bMS_453,,pMS_417,mreC_rev,P137_mreC_TAA,,mreC,CACCTTAT,TACAACTT,C,T,ATGGATTAAC,CGACGCACGA,303_S303_L001_R1_001.fastq.gz,31897.0
292,183,3,E12,H10,2.0,24,2,bMS_453,,pMS_419,atpE_rev,P139_atpE_TAA,,atpE,TTAGCGTA,CGTTTATG,G,A,GTGAAAGAGG,GCGCATGAAT,183_S183_L001_R1_001.fastq.gz,84020.0
293,194,3,F12,H10,2.0,24,2,bMS_453,,pMS_419,atpE_rev,P139_atpE_TAA,,atpE,TTAGCGTA,CGTTTATG,G,A,GTGAAAGAGG,GCGCATGAAT,194_S194_L001_R1_001.fastq.gz,103522.0
294,205,3,G12,H10,2.0,24,2,bMS_453,,pMS_419,atpE_rev,P139_atpE_TAA,,atpE,TTAGCGTA,CGTTTATG,G,A,GTGAAAGAGG,GCGCATGAAT,205_S205_L001_R1_001.fastq.gz,117594.0
295,216,3,H12,H10,2.0,24,2,bMS_453,,pMS_419,atpE_rev,P139_atpE_TAA,,atpE,TTAGCGTA,CGTTTATG,G,A,GTGAAAGAGG,GCGCATGAAT,216_S216_L001_R1_001.fastq.gz,124932.0
296,227,4,A12,H10,0.0,24,2,bMS_453,,pMS_419,atpE_rev,P139_atpE_TAA,,atpE,TTAGCGTA,CGTTTATG,G,A,GTGAAAGAGG,GCGCATGAAT,227_S227_L001_R1_001.fastq.gz,42742.0
297,238,4,B12,H10,0.0,24,2,bMS_453,,pMS_419,atpE_rev,P139_atpE_TAA,,atpE,TTAGCGTA,CGTTTATG,G,A,GTGAAAGAGG,GCGCATGAAT,238_S238_L001_R1_001.fastq.gz,31666.0
298,249,4,C12,H10,0.0,24,2,bMS_453,,pMS_419,atpE_rev,P139_atpE_TAA,,atpE,TTAGCGTA,CGTTTATG,G,A,GTGAAAGAGG,GCGCATGAAT,249_S249_L001_R1_001.fastq.gz,33563.0
299,260,4,D12,H10,0.0,24,2,bMS_453,,pMS_419,atpE_rev,P139_atpE_TAA,,atpE,TTAGCGTA,CGTTTATG,G,A,GTGAAAGAGG,GCGCATGAAT,260_S260_L001_R1_001.fastq.gz,27326.0
300,271,4,E12,H10,1.0,24,2,bMS_453,,pMS_419,atpE_rev,P139_atpE_TAA,,atpE,TTAGCGTA,CGTTTATG,G,A,GTGAAAGAGG,GCGCATGAAT,271_S271_L001_R1_001.fastq.gz,21739.0
301,282,4,F12,H10,1.0,24,2,bMS_453,,pMS_419,atpE_rev,P139_atpE_TAA,,atpE,TTAGCGTA,CGTTTATG,G,A,GTGAAAGAGG,GCGCATGAAT,282_S282_L001_R1_001.fastq.gz,26380.0
302,293,4,G12,H10,1.0,24,2,bMS_453,,pMS_419,atpE_rev,P139_atpE_TAA,,atpE,TTAGCGTA,CGTTTATG,G,A,GTGAAAGAGG,GCGCATGAAT,293_S293_L001_R1_001.fastq.gz,23643.0
303,304,4,H12,H10,1.0,24,2,bMS_453,,pMS_419,atpE_rev,P139_atpE_TAA,,atpE,TTAGCGTA,CGTTTATG,G,A,GTGAAAGAGG,GCGCATGAAT,304_S304_L001_R1_001.fastq.gz,28094.0
